{
    "$schema": "https://schema.management.azure.com/schemas/2015-01-01/deploymentTemplate.json#",
    "contentVersion": "1.0.0.0",
    "parameters": {
        "DataFactoryName": {
            "type": "string",
            "defaultValue": "[concat(resourceGroup().name, '-', 'DF')]"
        },
        "vm": {
            "type": "array"
        },
        "SASToken": {
            "type": "string"
        },
        "dscSASToken": {
            "type": "securestring",
            "defaultValue": "sas token for the blob container"
        }
    },
    "variables": {
        "templateLocation": "https://agarmdeploymentprod.blob.core.windows.net/templates/v2/",
        "namePrefix": "[resourceGroup().tags.NamingPrefix]",
        "storageAccountName": "[toLower(concat(resourceGroup().tags.NamingPrefix, 'sa'))]",
        "IntegrationRuntimeName": "[concat(parameters('DataFactoryName'), '-', 'IR')]"
    },
    "resources": [
        {
            "type": "Microsoft.Storage/storageAccounts",
            "name": "[variables('storageAccountName')]",
            "location": "[resourceGroup().location]",
            "apiVersion": "2018-07-01",
            "sku": {
                "name": "Standard_LRS"
            },
            "kind": "StorageV2"
        },
        {
            "name": "[parameters('DataFactoryName')]",
            "apiVersion": "2018-06-01",
            "type": "Microsoft.DataFactory/factories",
            "location": "East US",
            "properties": {},
            "identity": {
                "type": "SystemAssigned"
            }
        },
        {
            "type": "Microsoft.DataFactory/factories/integrationruntimes",
            "name": "[concat(parameters('DataFactoryName'), '/', variables('IntegrationRuntimeName'))]",
            "apiVersion": "2018-06-01",
            "dependsOn": [
                "[resourceId('Microsoft.DataFactory/factories', parameters('DataFactoryName'))]"
            ],
            "properties": {
                "type": "SelfHosted",
                "description": "Self-hosted Integration runtime created using ARM template"
            },
            "location": "East US"
        },
        {
            "type": "Microsoft.Resources/deployments",
            "name": "[concat(variables('namePrefix'), parameters('vm')[copyIndex()].role, padLeft(parameters('vm')[copyIndex()].sequence, 2, '0'))]",
            "apiVersion": "2016-09-01",
            "dependsOn": [],
            "copy": {
                "name": "virtualMachines",
                "count": "[length(parameters('vm'))]"
            },
            "properties": {
                "templateLink": {
                    "uri": "[concat(variables('templateLocation'), 'virtual-machine.json', parameters('SASToken'))]"
                },
                "parameters": {
                    "description": {
                        "value": "[parameters('vm')[copyIndex()].description]"
                    },
                    "name": {
                        "value": "[concat(variables('namePrefix'), parameters('vm')[copyIndex()].role, padLeft(parameters('vm')[copyIndex()].sequence, 2, '0'))]"
                    },
                    "size": {
                        "value": "[parameters('vm')[copyIndex()].size]"
                    },
                    "operatingSystem": {
                        "value": "[parameters('vm')[copyIndex()].operatingSystem]"
                    },
                    "image": {
                        "value": "[parameters('vm')[copyIndex()].image]"
                    },
                    "datadisks": {
                        "value": "[parameters('vm')[copyIndex()].datadisks]"
                    },
                    "osDiskType": {
                        "value": "[parameters('vm')[copyIndex()].osDiskType]"
                    }
                },
                "mode": "incremental"
            }
        },
        {
            "type": "Microsoft.Compute/virtualMachines/extensions",
            "name": "[concat(variables('namePrefix'), parameters('vm')[copyIndex()].role, padLeft(parameters('vm')[copyIndex()].sequence, 2, '0'), '/Microsoft.Powershell.DSC')]",
            "apiVersion": "2018-06-01",
            "location": "[resourceGroup().location]",
            "copy": {
                "name": "dsc",
                "count": "[length(parameters('vm'))]"
            },
            "dependsOn": [
                "[variables('storageAccountName')]",
                "[resourceId('Microsoft.DataFactory/factories', parameters('DataFactoryName'))]",
                "[resourceId('Microsoft.DataFactory/factories/integrationruntimes', parameters('DataFactoryName'), variables('IntegrationRuntimeName'))]",
                "[concat(variables('namePrefix'), parameters('vm')[copyIndex()].role, padLeft(parameters('vm')[copyIndex()].sequence, 2, '0'))]"
            ],
            "properties": {
                "publisher": "Microsoft.Powershell",
                "type": "DSC",
                "typeHandlerVersion": "2.76",
                "autoUpgradeMinorVersion": true,
                "forceUpdateTag": "1.3",
                "settings": {
                    "wmfVersion": "latest",
                    "configuration": {
                        "url": "[concat('https://', variables('storageAccountName'), '.blob.core.windows.net/dsc/dsc.zip')]",
                        "script": "SetupIntegrationRuntime.ps1",
                        "function": "SetupIntegrationRuntime"
                    },
                    "configurationArguments": {
                        "IRkey": "[listAuthKeys(resourceId('Microsoft.DataFactory/factories/integrationruntimes', parameters('DataFactoryName'), variables('IntegrationRuntimeName')), '2018-06-01').authKey1]"
                    }
                },
                "protectedSettings": {
                    "configurationUrlSasToken": "[parameters('dscSASToken')]"
                }
            }
        }
    ]
}