{
    "$schema": "https://schema.management.azure.com/schemas/2015-01-01/deploymentTemplate.json#",
    "contentVersion": "1.0.0.0",
    "parameters": {},
    "resources": [
        {
            "type": "Microsoft.Storage/storageAccounts",
            "name": "[toLower(concat(resourceGroup().tags.NamingPrefix, 'sa'))]",
            "location": "[resourceGroup().location]",
            "apiVersion": "2018-07-01",
            "sku": {
                "name": "Standard_LRS"
            },
            "kind": "StorageV2"
        }
    ]
}