{
    "$schema": "https://schema.management.azure.com/schemas/2015-01-01/deploymentTemplate.json#",
    "contentVersion": "1.0.0.0",
    "parameters": {
      "vm": {
        "type": "array"
      },
      "SASToken": {
        "type": "string"
      },
      "templateLocation": {
        "type": "string",
        "defaultValue": "https://agarmdeploymentprod.blob.core.windows.net/templates/v2/"
      },
      "lbName": {
        "type": "string",
        "metadata": {
          "description": "Load Balancer name"
        }
      }
    },
    "variables": {
      "apiVersion": "2016-09-01",
      "namePrefix": "[resourceGroup().tags.NamingPrefix]",
      "firstIpParts": "[split(split(resourceGroup().tags.Subnet, '_')[sub(length(split(resourceGroup().tags.Subnet, '_')), 2)], '.')]",
      "lbIpAddress": "[concat(variables('firstIpParts')[0], '.', variables('firstIpParts')[1], '.', variables('firstIpParts')[2], '.', add(int(variables('firstIpParts')[3]), 28))]",
      "lbID": "[resourceId('Microsoft.Network/loadBalancers',parameters('lbName'))]",
      "frontEndIPConfigID": "[concat(variables('lbID'),'/frontendIPConfigurations/LoadBalancerFrontEnd')]",
      "lbPoolID": "[concat(variables('lbID'),'/backendAddressPools/BackendPool1')]",
      "lbProbeID": "[concat(variables('lbID'),'/probes/tcpProbe')]"
    },
    "resources": [
      {
        "type": "Microsoft.Resources/deployments",
        "name": "[concat(deployment().name, '_', variables('namePrefix'), parameters('vm')[copyIndex()].role, padLeft(parameters('vm')[copyIndex()].sequence, 2, '0'))]",
        "apiVersion": "[variables('apiVersion')]",
        "dependsOn": [
          "[resourceId('Microsoft.Network/loadBalancers', parameters('lbName'))]"
        ],
        "copy": {
          "name": "virtualMachines",
          "count": "[length(parameters('vm'))]"
        },
        "properties": {
          "templateLink": { "uri": "[concat(parameters('templateLocation'), 'virtual-machine.json', parameters('SASToken'))]" },
          "parameters": {
            "description": { "value": "[parameters('vm')[copyIndex()].description]" },
            "name": { "value": "[concat(variables('namePrefix'), parameters('vm')[copyIndex()].role, padLeft(parameters('vm')[copyIndex()].sequence, 2, '0'))]" },
            "size": { "value": "[parameters('vm')[copyIndex()].size]" },
            "operatingSystem": { "value": "[parameters('vm')[copyIndex()].operatingSystem]" },
            "image": { "value": "[parameters('vm')[copyIndex()].image]" },
            "datadisks": { "value": "[parameters('vm')[copyIndex()].datadisks]" },
            "osDiskType": { "value": "[parameters('vm')[copyIndex()].osDiskType]" },
            "availabilityZone": { "value": "[parameters('vm')[copyIndex()].availabilityZone]" },
            "loadBalancerPool": { "value": "[concat(parameters('lbName'), '/', 'BackendPool1')]"}
          },
          "mode": "incremental"
        }
      },
      {
        "apiVersion": "2018-11-01",
        "name": "[parameters('lbName')]",
        "type": "Microsoft.Network/loadBalancers",
        "location": "[resourceGroup().location]",
        "sku": { "name": "Standard" },
        "dependsOn": [],
        "properties": {
          "frontendIPConfigurations": [
            {
              "name": "LoadBalancerFrontEnd",
              "properties": {
                "privateIPAllocationMethod": "Static",
                "privateIPAddress": "[variables('lbIpAddress')]",
                "subnet": {
                    "id": "[resourceGroup().tags.Subnet]"
                }
              }
            }
          ],
          "backendAddressPools": [
            {
              "name": "BackendPool1"
            }
          ],
          "loadBalancingRules": [
            {
              "name": "LBRule",
              "properties": {
                "frontendIPConfiguration": {
                  "id": "[variables('frontEndIPConfigID')]"
                },
                "backendAddressPool": {
                  "id": "[variables('lbPoolID')]"
                },
                "protocol": "tcp",
                "frontendPort": 80,
                "backendPort": 80,
                "enableFloatingIP": false,
                "idleTimeoutInMinutes": 5,
                "probe": {
                  "id": "[variables('lbProbeID')]"
                }
              }
            }
          ],
          "probes": [
            {
              "name": "tcpProbe",
              "properties": {
                "protocol": "tcp",
                "port": 80,
                "intervalInSeconds": 5,
                "numberOfProbes": 2
              }
            }
          ]
        }
      }  
    ]
  }