[
    {
       "principalId": "01982279-7e5f-4820-9169-aca6650ec0ae",
       "description": "non-prod ado service connection"
    },
    {
        "principalId": "e031c354-12db-4a45-a2e6-c90fc696ecc9",
        "description": "prod ado service connection"
    },
    {
       "principalId": "30894c5c-b4af-4ef2-8ac5-573ee2b1f65c",
       "description": "dev voltage databricks"         
    },
    {
       "principalId": "c6008845-99c7-4237-8836-2680ab6037f1" ,
       "description": "dev etl databricks"    
    },
    {
       "principalId": "b56f860b-7f10-413e-b1fb-3f41c733935e",
       "description": "uat voltage databricks"         
    },
    {
       "principalId": "8a84fc74-e51e-4d8c-ad64-38e7445fc35f" ,
       "description": "uat etl databricks"    
    },
    {
       "principalId": "01ec2ee5-41cc-4fb3-a1de-721567b8dcfa",
       "description": "prod voltage databricks"         
    },
    {
       "principalId": "70a352de-13af-4af9-a739-6b31ef2b14fa" ,
       "description": "prod etl databricks"    
    }
]