{
    "$schema": "https://schema.management.azure.com/schemas/2019-04-01/deploymentParameters.json#",
    "contentVersion": "1.0.0.0",
    "parameters": {
        "workspaceName": {
            "value": "#{workspaceName}#"
        },
        "NumOfStdsThreshold": {
            "value": "3"
        },
        "LearningPeriod": {
            "value": "5"
        },
        "BinTime": {
            "value": "1"
        },
        "MinThreshold": {
            "value": "5"
        },
        "MinLearningBuckets": {
            "value": "5"
        }
    }
}