{
  "$schema": "https://schema.management.azure.com/schemas/2015-01-01/deploymentTemplate.json#",
  "contentVersion": "1.0.0.0",
  "parameters": {
    "storage": {
      "type": "object"
    },
    "appServicePlan": {
      "type": "object"
    },
    "webApp": {
      "type": "array"
    },
    "SASToken": {
      "type": "string"
    }
  },
  "variables": {
    "templateLocation": "https://agarmdeploymentprod.blob.core.windows.net/templates/v2/",
    "storageAccount": "[toLower(concat(resourceGroup().tags.NamingPrefix, 'sa'))]",
    "AppServicePlan": "[toLower(concat(resourceGroup().tags.NamingPrefix, '-asp'))]",
    "apiVersion": "2016-09-01",
    "location": "[resourceGroup().location]"
  },
  "resources": [
    {
      "type": "Microsoft.Resources/deployments",
      "name": "[concat(deployment().name, '_', variables('storageAccount'))]",
      "apiVersion": "[variables('apiVersion')]",
      "dependsOn": [],
      "properties": {
        "templateLink": {
          "uri": "[concat(variables('templateLocation'), 'storage-account.json', parameters('SASToken'))]"
        },
        "parameters": {
          "name": {
            "value": "[variables('storageAccount')]"
          },
          "location": {
            "value": "[variables('location')]"
          },
          "sku": {
            "value": "[parameters('storage').sku]"
          }
        },
        "mode": "Incremental"
      }
    },
    {
      "type": "Microsoft.Resources/deployments",
      "name": "[concat(deployment().name, '_', variables('storageAccount'), '_appinsights', copyIndex())]",
      "apiVersion": "[variables('apiVersion')]",
      "dependsOn": [],
      "copy": {
        "name": "appinsights",
        "count": "[length(parameters('webApp'))]"
      },
      "properties": {
        "templateLink": {
          "uri": "[concat(variables('templateLocation'), 'app-insights.json', parameters('SASToken'))]"
        },
        "parameters": {
          "name": {
            "value": "[concat(parameters('webApp')[copyIndex()].name, '-ai')]"
          },
          "location": {
            "value": "[variables('location')]"
          }
        },
        "mode": "Incremental"
      }
    },
    {
      "type": "Microsoft.Resources/deployments",
      "name": "[concat(deployment().name, '_', variables('AppServicePlan'))]",
      "apiVersion": "[variables('apiVersion')]",
      "dependsOn": [],
      "properties": {
        "templateLink": {
          "uri": "[concat(variables('templateLocation'), 'app-service-plan.json', parameters('SASToken'))]"
        },
        "parameters": {
          "name": {
            "value": "[variables('AppServicePlan')]"
          },
          "location": {
            "value": "[variables('location')]"
          },
          "sku": {
            "value": "[parameters('appServicePlan').sku]"
          },
          "capacity": {
            "value": "[parameters('appServicePlan').capacity]"
          }
        },
        "mode": "Incremental"
      }
    },
    {
      "type": "Microsoft.Resources/deployments",
      "name": "[concat(deployment().name, '_', parameters('webApp')[copyIndex()].name)]",
      "apiVersion": "[variables('apiVersion')]",
      "dependsOn": [
        "[resourceId('Microsoft.Resources/deployments', concat(deployment().name, '_', variables('AppServicePlan')))]",
        "[resourceId('Microsoft.Resources/deployments', concat(deployment().name, '_', variables('storageAccount'), '_appinsights', copyIndex()))]"
      ],
      "copy": {
        "name": "websites",
        "count": "[length(parameters('webApp'))]"
      },
      "properties": {
        "templateLink": {
          "uri": "[concat(variables('templateLocation'), 'web-app.json', parameters('SASToken'))]"
        },
        "parameters": {
          "name": {
            "value": "[parameters('webApp')[copyIndex()].name]"
          },
          "location": {
            "value": "[variables('location')]"
          },
          "appServicePlan": {
            "value": "[variables('AppServicePlan')]"
          },
          "kind": {
            "value": "[parameters('webApp')[copyIndex()].kind]"
          },
          "alwaysOn": {
            "value": "[parameters('webApp')[copyIndex()].alwaysOn]"
          },
          "netFrameworkVersion": {
            "value": "v4.0"
          }
        },
        "mode": "Incremental"
      }
    }
  ]
}