{
  "$schema": "https://schema.management.azure.com/schemas/2015-01-01/deploymentTemplate.json#",
  "contentVersion": "1.0.0.0",
  "parameters": {
    "mySQLServer": {
      "type": "object"
    },
    "SASToken": {
      "type": "string"
    }
  },
  "variables": {
    "templateLocation": "https://agarmdeploymentprod.blob.core.windows.net/templates/v2/",
    "mySQLServerName": "[toLower(concat(resourceGroup().tags.NamingPrefix, '-mysql'))]",
    "mySQLApiVersion": "2017-04-30-preview",
    "apiVersion": "2016-09-01",
    "location": "[resourceGroup().location]"
  },
  "resources": [
    {
      "type": "Microsoft.Resources/deployments",
      "name": "[concat(deployment().name, '_', variables('mySQLServerName'))]",
      "apiVersion": "[variables('apiVersion')]",
      "dependsOn": [ ],
      "properties": {
          "templateLink": { "uri": "[concat(variables('templateLocation'), 'mysql-server.json', parameters('SASToken'))]" },
          "parameters": {  
            "location": { "value": "[variables('location')]" },
            "name": { "value": "[variables('mySQLServerName')]" },
            "DTUs": { "value": "[parameters('mySQLServer').DTUs]" },
            "skuSizeMB": { "value": "[parameters('mySQLServer').skuSizeMB]" },
            "pricingTier": { "value": "[parameters('mySQLServer').pricingTier]" },
            "version": { "value": "[parameters('mySQLServer').version]" }
          },
          "mode": "incremental"
      }
    },
    {  
      "name": "[concat(variables('mySQLServerName'), '/', parameters('mySQLServer').databases[copyindex()].name)]",
      "type": "Microsoft.DBforMySQL/servers/databases",
      "apiVersion": "[variables('mySQLApiVersion')]",
      "copy": {
           "name": "databases",
           "count": "[length(parameters('mySQLServer').databases)]"
       },
      "properties":{  
         "charset": "[parameters('mySQLServer').databases[copyindex()].charset]",
         "collation": "[parameters('mySQLServer').databases[copyindex()].collation]",
         "mode": "incremental"
      },
      "dependsOn":[  
        "[resourceId('Microsoft.Resources/deployments', concat(deployment().name, '_', variables('mySQLServerName')))]"
      ]
   }
  ]
}