{
  "$schema": "http://schema.management.azure.com/schemas/2015-01-01/deploymentParameters.json#",
  "contentVersion": "1.0.0.0",
  "parameters": {
    "postgreSQLServer": {
      "value": {
        "databases": [ 
            { 
              "name": "demoProdDb1",
              "charset": "utf8",
              "collation": "utf8_general_ci"
            },
            { 
              "name": "demoProdDb2",
              "charset": "utf8",
              "collation": "utf8_general_ci"
            }
        ],     
        "DTUs": 50,
        "skuSizeMB": 51200,
        "pricingTier": "Basic",
        "version": "9.6"
      }
    },
    "SASToken": {
      "reference": {
        "keyVault": {
          "id": "/subscriptions/be24ba9a-c290-49e6-a85e-2d370ce5fc55/resourceGroups/IT-ARM-Templates-PROD/providers/Microsoft.KeyVault/vaults/AgARMTemplate-kv-prod"
        },
        "secretName": "templates-read"
      }
    }
  }
}