{
  "$schema": "https://schema.management.azure.com/schemas/2015-01-01/deploymentTemplate.json#",
  "contentVersion": "1.0.0.0",
  "parameters": {
    "postgreSQLServer": {
      "type": "object"
    },
    "SASToken": {
      "type": "securestring"
    }
  },
  "variables": {
    "templateLocation": "https://agarmdeploymentprod.blob.core.windows.net/templates/v2/",
    "postgreSQLServerName": "[toLower(concat(resourceGroup().tags.NamingPrefix, '-postgresql'))]",
    "apiVersion": "2016-09-01",
    "postgreSQLApiVersion": "2016-02-01-privatepreview",
    "location": "[resourceGroup().location]"
  },
  "resources": [
    {
      "type": "Microsoft.Resources/deployments",
      "name": "[concat(deployment().name, '_', variables('postgreSQLServerName'))]",
      "apiVersion": "[variables('apiVersion')]",
      "dependsOn": [ ],
      "properties": {
          "templateLink": { "uri": "[concat(variables('templateLocation'), 'postgresql-server.json', parameters('SASToken'))]" },
          "parameters": {  
            "location": { "value": "[variables('location')]" },
            "name": { "value": "[variables('postgreSQLServerName')]" },
            "DTUs": { "value": "[parameters('postgreSQLServer').DTUs]" },
            "skuSizeMB": { "value": "[parameters('postgreSQLServer').skuSizeMB]" },
            "pricingTier": { "value": "[parameters('postgreSQLServer').pricingTier]" },
            "version": { "value": "[parameters('postgreSQLServer').version]" }
          },
          "mode": "incremental"
      }
    },
    {  
      "name": "[concat(variables('postgreSQLServerName'), '/', parameters('postgreSQLServer').databases[copyindex()].name)]",
      "type": "Microsoft.DBforPostgreSQL/servers/databases",
      "apiVersion": "[variables('postgreSQLApiVersion')]",
      "copy": {
           "name": "databases",
           "count": "[length(parameters('postgreSQLServer').databases)]"
       },
      "properties":{  
         "charset": "[parameters('postgreSQLServer').databases[copyindex()].charset]",
         "collation": "[parameters('postgreSQLServer').databases[copyindex()].collation]",
         "mode": "incremental"
      },
      "dependsOn":[  
        "[resourceId('Microsoft.Resources/deployments', concat(deployment().name, '_', variables('postgreSQLServerName')))]"
      ]
   }
  ]
}