{
    "$schema": "http://schema.management.azure.com/schemas/2015-01-01/deploymentParameters.json#",
    "contentVersion": "1.0.0.0",
  "parameters": {
    "storageAccountName": { "value": "agarmdeploymentprod" },
    "keyVaultName": { "value": "AgARMTemplate-kv-prod" },
    "automationAccountName": { "value": "ARMTemplateAutomation-prod" },
    "accessPolicies": {
      "value": [
        {
          "tenantId": "3e20ecb2-9cb0-4df1-ad7b-914e31dcdda4",
          "objectId": "0b91fa80-b8e5-4e61-acae-e995d1401ea7",
          "permissions": {
            "secrets": [ "get", "list", "Set" ]
          }
        },
        {
          "tenantId": "3e20ecb2-9cb0-4df1-ad7b-914e31dcdda4",
          "objectId": "50df1410-fde2-41d9-b057-79d2268af0e0",
          "permissions": {
            "secrets": [ "get" ]
          }
        },
        {
          "tenantId": "3e20ecb2-9cb0-4df1-ad7b-914e31dcdda4",
          "objectId": "571ee131-5b26-44ef-af8c-e3caf88c5e5b",
          "permissions": {
            "secrets": [ "get" ]
          }
        },
        {
          "tenantId": "3e20ecb2-9cb0-4df1-ad7b-914e31dcdda4",
          "objectId": "cbcdeea9-0e4b-40e2-9bbf-a074c13175cd",
          "permissions": {
            "secrets": [ "get", "set" ]
          }
        }
      ]
    },
    "logAnalyticsResourceId": { "value": "/subscriptions/be24ba9a-c290-49e6-a85e-2d370ce5fc55/resourceGroups/IT-OMS-PROD/providers/Microsoft.OperationalInsights/workspaces/ag-nala-oms-prod" }
  }
}