{
  "$schema": "https://schema.management.azure.com/schemas/2015-01-01/deploymentTemplate.json#",
  "contentVersion": "1.0.0.0",
  "parameters": {
    "storageAccountName": {
      "type": "string",
      "metadata": {
        "description": "name of the storage account"
      }
    },
    "keyVaultName": {
      "type": "string",
      "metadata": {
        "description": "name of the keyvautl used for shared templates"
      }
    },
    "accessPolicies": {
      "type": "array",
      "metadata": {
        "description": "access policies for key vault"
      }
    },
    "automationAccountName": {
      "type": "string",
      "metadata": {
        "description": "Automation Account Name"
      }
    },
    "AppID": {
      "type": "string",
      "metadata": {
        "description": "SPN ID"
      }
    },
    "CertThumb": {
      "type": "string",
      "metadata": {
        "description": "Certificate Thumbprint"
      }
    },
    "pfxBlob": {
      "type": "securestring"
    },
    "logAnalyticsResourceId": {
      "type": "string",
      "metadata": {
        "description": "The log analytics resource id for logging"
      }
    }
  },
  "variables": {
    "apiVersion": "2015-06-01",
    "automationAccountSku": "Basic",
    "region": "West Central US",
    "AzureRM.KeyVault:Module:Name": "AzureRM.KeyVault",
    "AzureRM.KeyVault:Module:Uri": "https://devopsgallerystorage.blob.core.windows.net/packages/azurerm.keyvault.3.0.1.nupkg",
    "AzureRM.Profile:Module:Name": "AzureRM.Profile",
    "AzureRM.Profile:Module:Uri": "https://devopsgallerystorage.blob.core.windows.net/packages/azurerm.profile.3.0.1.nupkg",
    "AzureRM.Resources:Module:Name": "AzureRM.Resources",
    "AzureRM.Resources:Module:Uri": "https://devopsgallerystorage.blob.core.windows.net/packages/azurerm.resources.4.0.1.nupkg",
    "AzureRM.Automation:Module:Name": "AzureRM.Automation",
    "AzureRM.Automation:Module:Uri": "https://devopsgallerystorage.blob.core.windows.net/packages/azurerm.automation.3.0.1.nupkg",
    "AzureRM.Storage:Module:Name": "AzureRM.Storage",
    "AzureRM.Storage:Module:Uri": "https://devopsgallerystorage.blob.core.windows.net/packages/azurerm.storage.3.0.2.nupkg",
    "Azure.Storage:Module:Name": "Azure.Storage",
    "Azure.Storage:Module:Uri": "https://devopsgallerystorage.blob.core.windows.net/packages/azure.storage.3.0.2.nupkg"
  },
  "resources": [
    {
      "name": "[parameters('automationAccountName')]",
      "type": "Microsoft.Automation/automationAccounts",
      "apiVersion": "2015-01-01-preview",
      "location": "[variables('region')]",
      "dependsOn": [],
      "tags": {},
      "properties": {
        "sku": {
          "name": "[variables('automationAccountSku')]"
        }
      },
      "resources": [
        {
          "name": "spnCertificate",
          "type": "certificates",
          "apiVersion": "2015-01-01-preview",
          "dependsOn": [
            "[concat('Microsoft.Automation/automationAccounts/', parameters('automationAccountName'))]"
          ],
          "properties": {
            "base64Value": "[parameters('pfxBlob')]"
          }
        },
        {
          "name": "keyVaultName",
          "type": "variables",
          "apiVersion": "2015-01-01-preview",
          "dependsOn": [
            "[concat('Microsoft.Automation/automationAccounts/', parameters('automationAccountName'))]"
          ],
          "properties": {
            "description": "Key Vault Name",
            "isEncrypted": 0,
            "type": "string",
            "value": "[concat('\"', parameters('keyVaultName'), '\"')]"
          }
        },
        {
          "name": "storageAccountName",
          "type": "variables",
          "apiVersion": "2015-01-01-preview",
          "dependsOn": [
            "[concat('Microsoft.Automation/automationAccounts/', parameters('automationAccountName'))]"
          ],
          "properties": {
            "description": "Storage Account Name",
            "isEncrypted": 0,
            "type": "string",
            "value": "[concat('\"', parameters('storageAccountName'), '\"')]"
          }
        }
      ]
    },
    {
      "name": "[concat(parameters('automationAccountName'), '/SPNConnection')]",
      "type": "microsoft.automation/automationAccounts/connections",
      "apiVersion": "2015-10-31",
      "location": "[variables('region')]",
      "dependsOn": [
        "[concat('Microsoft.Automation/automationAccounts/', parameters('automationAccountName'))]"
      ],
      "tags": {},
      "properties": {
        "description": "This connection is used to connect the service principal to the Azure Subscription",
        "connectionType": {
          "name": "AzureServicePrincipal"
        },
        "fieldDefinitionValues": {
          "ApplicationId": "[parameters('AppID')]",
          "TenantId": "[subscription().tenantId]",
          "CertificateThumbprint": "[parameters('CertThumb')]",
          "SubscriptionId": "[subscription().subscriptionId]"
        }
      }
    },
    {
      "name": "[concat(parameters('automationAccountName'), '/', variables('AzureRM.Automation:Module:Name'))]",
      "type": "microsoft.automation/automationAccounts/modules",
      "apiVersion": "2015-10-31",
      "location": "[variables('region')]",
      "dependsOn": [
        "[concat('Microsoft.Automation/automationAccounts/', parameters('automationAccountName'), '/modules/', variables('AzureRM.Profile:Module:Name'))]"
      ],
      "tags": {},
      "properties": {
        "contentLink": {
          "uri": "[variables('AzureRM.Automation:Module:Uri')]"
        }
      }
    },
    {
      "name": "[concat(parameters('automationAccountName'), '/', variables('AzureRM.Storage:Module:Name'))]",
      "type": "microsoft.automation/automationAccounts/modules",
      "apiVersion": "2015-10-31",
      "location": "[variables('region')]",
      "dependsOn": [
        "[concat('Microsoft.Automation/automationAccounts/', parameters('automationAccountName'), '/modules/', variables('AzureRM.Profile:Module:Name'))]",
        "[concat('Microsoft.Automation/automationAccounts/', parameters('automationAccountName'), '/modules/', variables('Azure.Storage:Module:Name'))]"
      ],
      "tags": {},
      "properties": {
        "contentLink": {
          "uri": "[variables('AzureRM.Storage:Module:Uri')]"
        }
      }
    },
    {
      "name": "[concat(parameters('automationAccountName'), '/', variables('Azure.Storage:Module:Name'))]",
      "type": "microsoft.automation/automationAccounts/modules",
      "apiVersion": "2015-10-31",
      "location": "[variables('region')]",
      "dependsOn": [
        "[concat('Microsoft.Automation/automationAccounts/', parameters('automationAccountName'), '/modules/', variables('AzureRM.Profile:Module:Name'))]"
      ],
      "tags": {},
      "properties": {
        "contentLink": {
          "uri": "[variables('Azure.Storage:Module:Uri')]"
        }
      }
    },
    {
      "name": "[concat(parameters('automationAccountName'), '/', variables('AzureRM.KeyVault:Module:Name'))]",
      "type": "microsoft.automation/automationAccounts/modules",
      "apiVersion": "2015-10-31",
      "location": "[variables('region')]",
      "dependsOn": [
        "[concat('Microsoft.Automation/automationAccounts/', parameters('automationAccountName'), '/modules/', variables('AzureRM.Profile:Module:Name'))]"
      ],
      "tags": {},
      "properties": {
        "contentLink": {
          "uri": "[variables('AzureRM.KeyVault:Module:Uri')]"
        }
      }
    },
    {
      "name": "[concat(parameters('automationAccountName'), '/', variables('AzureRM.Resources:Module:Name'))]",
      "type": "microsoft.automation/automationAccounts/modules",
      "apiVersion": "2015-10-31",
      "location": "[variables('region')]",
      "dependsOn": [
        "[concat('Microsoft.Automation/automationAccounts/', parameters('automationAccountName'), '/modules/', variables('AzureRM.Profile:Module:Name'))]"
      ],
      "tags": {},
      "properties": {
        "contentLink": {
          "uri": "[variables('AzureRM.Resources:Module:Uri')]"
        }
      }
    },
    {
      "name": "[concat(parameters('automationAccountName'), '/', variables('AzureRM.Profile:Module:Name'))]",
      "type": "microsoft.automation/automationAccounts/modules",
      "apiVersion": "2015-10-31",
      "location": "[variables('region')]",
      "dependsOn": [
        "[concat('Microsoft.Automation/automationAccounts/', parameters('automationAccountName'))]"
      ],
      "tags": {},
      "properties": {
        "contentLink": {
          "uri": "[variables('AzureRM.Profile:Module:Uri')]"
        }
      }
    },
    {
      "apiVersion": "2016-09-01",
      "name": "[concat(parameters('automationAccountName'), '/Microsoft.Insights/service')]",
      "type": "Microsoft.Automation/automationAccounts/providers/diagnosticSettings",
      "dependsOn": [
        "[resourceId('Microsoft.Automation/automationAccounts', parameters('automationAccountName'))]"
      ],
      "location": "[variables('region')]",
      "properties": {
        "workspaceId": "[parameters('logAnalyticsResourceId')]",
        "metrics": [],
        "logs": [
          {
            "category": "JobLogs",
            "enabled": true
          },
          {
            "category": "JobStreams",
            "enabled": true
          }
        ]
      }
    },
    {
      "apiVersion": "2016-01-01",
      "type": "Microsoft.Storage/storageAccounts",
      "name": "[parameters('storageAccountName')]",
      "location": "[resourceGroup().location]",
      "kind": "Storage",
      "sku": {
        "name": "Standard_LRS",
        "tier": "Standard"
      },
      "properties": {
        "encryption": {
          "keySource": "Microsoft.Storage",
          "services": {
            "blob": {
              "enabled": true
            }
          }
        }
      }
    },
    {
      "apiVersion": "2015-06-01",
      "type": "Microsoft.KeyVault/vaults",
      "name": "[parameters('keyVaultName')]",
      "location": "[resourceGroup().location]",
      "properties": {
        "sku": {
          "family": "A",
          "name": "standard"
        },
        "tenantId": "[subscription().tenantId]",
        "accessPolicies": "[parameters('accessPolicies')]",
        "enabledForDeployment": true,
        "enabledForTemplateDeployment": true,
        "enabledForDiskEncryption": false
      },
      "resources": [
      ]
    }
  ]
}