{
  "$schema": "https://schema.management.azure.com/schemas/2015-01-01/deploymentTemplate.json#",
  "contentVersion": "1.0.0.0",
  "parameters": {
    "vm": {
      "type": "array"
    },
    "SASToken": {
      "type": "string"
    },
    "templateLocation": {
      "type": "string",
      "defaultValue": "https://agarmdeploymentprod.blob.core.windows.net/templates/v2/"
    }
  },
  "variables": {
    "apiVersion": "2016-09-01",
    "namePrefix": "[resourceGroup().tags.NamingPrefix]"
  },
  "resources": [
    {
      "type": "Microsoft.Resources/deployments",
      "name": "[concat(deployment().name, '_', variables('namePrefix'), parameters('vm')[copyIndex()].role, padLeft(parameters('vm')[copyIndex()].sequence, 2, '0'))]",
      "apiVersion": "[variables('apiVersion')]",
      "dependsOn": [],
      "copy": {
        "name": "virtualMachines",
        "count": "[length(parameters('vm'))]"
      },
      "properties": {
        "templateLink": { "uri": "[concat(parameters('templateLocation'), 'virtual-machine.json', parameters('SASToken'))]" },
        "parameters": {
          "description": { "value": "[parameters('vm')[copyIndex()].description]" },
          "name": { "value": "[concat(variables('namePrefix'), parameters('vm')[copyIndex()].role, padLeft(parameters('vm')[copyIndex()].sequence, 2, '0'))]" },
          "size": { "value": "[parameters('vm')[copyIndex()].size]" },
          "operatingSystem": { "value": "[parameters('vm')[copyIndex()].operatingSystem]" },
          "image": { "value": "[parameters('vm')[copyIndex()].image]" },
          "datadisks": { "value": "[parameters('vm')[copyIndex()].datadisks]" },
          "osDiskType": { "value": "[parameters('vm')[copyIndex()].osDiskType]" }
        },
        "mode": "incremental"
      }
    }
  ]
}