{
    "$schema": "https://schema.management.azure.com/schemas/2015-01-01/deploymentTemplate.json#",
    "contentVersion": "1.0.0.0",
    "parameters": {

        "sql-vms": {
            "type": "object"
        },
        "dscContainerUrl": {
            "type": "string"
        },
        "dscContainerSasToken": {
            "type": "securestring"
        },
        "SASToken": {
            "type": "string"
        },
        "domainUserName": {
            "type": "string"
        },
        "domainPassword": {
            "type": "securestring"
        },
        "templateLocation": {
            "type": "string",
            "defaultValue": "https://agarmdeploymentprod.blob.core.windows.net/templates/v2/"
        },
        "sapSid": {
            "type": "string"
        }
    },
    "variables": {
        "apiVersion": "2016-09-01",
        "namePrefix": "[resourceGroup().tags.NamingPrefix]",
        "osDiskType": "Premium_LRS",
        "storageAccount": "[toLower(concat(variables('namePrefix'), 'sa'))]",
        "fileShareWitnessServer": "PHAZP0072FS",
        "sql-as": "sql-as",
        "sql-ilbName": "[toLower(concat(variables('namePrefix'), '-sql-ilb'))]",
        "sql-be": "sql-be-pool",
        "firstIpParts": "[split(split(resourceGroup().tags.Subnet, '_')[sub(length(split(resourceGroup().tags.Subnet, '_')), 2)], '.')]",
        "sql-ilb-ip": "[concat(variables('firstIpParts')[0], '.', variables('firstIpParts')[1], '.', variables('firstIpParts')[2], '.', add(int(variables('firstIpParts')[3]), 5))]",
        "sql-cluster-ip": "[concat(variables('firstIpParts')[0], '.', variables('firstIpParts')[1], '.', variables('firstIpParts')[2], '.', add(int(variables('firstIpParts')[3]), 30))]",
        "sql-listener-ip": "[concat(variables('firstIpParts')[0], '.', variables('firstIpParts')[1], '.', variables('firstIpParts')[2], '.', add(int(variables('firstIpParts')[3]), 27))]",
        "sqlClusterName": "[concat(variables('namePrefix'), 'DB00')]",
        "modulesUrl": "[concat(parameters('dscContainerUrl'),'/dsc.zip',parameters('dscContainerSasToken'))]",
        "sqlClusterFunction": "SQLCluster.ps1\\SQLCluster",
        "domainName": "phibred",
        "domainNameSuffix": "com"
    },
    "resources": [
 {
            "type": "Microsoft.Compute/availabilitySets",
            "name": "[variables('sql-as')]",
            "apiVersion": "2017-03-30",
            "location": "[resourceGroup().location]",
            "properties": {
                "platformFaultDomainCount": 2,
                "platformUpdateDomainCount": 2
            },
            "sku": {
                "name": "Aligned"
            }
        },
        {
            "condition": "[greater(parameters('sql-vms').count, 0)]",
            "type": "Microsoft.Resources/deployments",
            "name": "[concat(deployment().name, '_', variables('namePrefix'), parameters('sql-vms').role, padLeft(add(parameters('sql-vms').startSequence, copyIndex()), 2, '0'))]",
            "apiVersion": "[variables('apiVersion')]",
            "dependsOn": [
                "[resourceId('Microsoft.Compute/availabilitySets', variables('sql-as'))]"
            ],
            "copy": {
                "name": "SQLVMs",
                "count": "[max(parameters('sql-vms').count, 1)]"
            },
            "properties": {
                "templateLink": {
                    "uri": "[concat(parameters('templateLocation'), 'virtual-machine.json', parameters('SASToken'))]"
                },
                "parameters": {
                    "availabilitySet": {
                        "value": "sql-as"
                    },
                    "dataDisks": {
                        "value": "[parameters('sql-vms').dataDisks]"
                    },
                    "description": {
                        "value": "[parameters('sql-vms').description]"
                    },
                    "image": {
                        "value": "[parameters('sql-vms').image]"
                    },
                    "loadBalancerPool": {
                        "value": "[concat(variables('sql-ilbName'), '/', variables('sql-be'))]"
                    },
                    "name": {
                        "value": "[concat(variables('namePrefix'), parameters('sql-vms').role, padLeft(add(parameters('sql-vms').startSequence, copyIndex()), 2, '0'))]"
                    },
                    "operatingSystem": {
                        "value": "[parameters('sql-vms').operatingSystem]"
                    },
                    "osDiskType": {
                        "value": "[variables('osDiskType')]"
                    },
                    "size": {
                        "value": "[parameters('sql-vms').size]"
                    },
                    "joinDomain": {
                        "value": true
                    },
                    "enableAgents": {
                        "value": false
                    },
                    "enableHUB": {
                        "value": false
                    }
                },
                "mode": "Incremental"
            }
        },

        {
            "condition": "[greater(parameters('sql-vms').count, 0)]",
            "type": "Microsoft.Compute/virtualMachines/extensions",
            "name": "[concat(variables('namePrefix'), parameters('sql-vms').role, padLeft(add(parameters('sql-vms').startSequence, copyIndex()), 2, '0'), '/sqlCluster')]",
            "apiVersion": "2015-06-15",
            "location": "[resourceGroup().location]",
            "dependsOn": [
                "SQLVMs"
            ],
            "copy": {
                "name": "SQL-Cluster",
                "count": "[max(parameters('sql-vms').count, 1)]"
            },
            "properties": {
                "publisher": "Microsoft.Powershell",
                "type": "DSC",
                "typeHandlerVersion": "2.20",
                "autoUpgradeMinorVersion": true,
                "settings": {
                    "modulesUrl": "[variables('modulesUrl')]",
                    "configurationFunction": "[variables('sqlClusterFunction')]",
                    "properties": {
                        "isClustered": "[greater(parameters('sql-vms').count, 1)]",
                        "domainName": "[variables('domainName')]",
                        "domainNameSuffix": "[variables('domainNameSuffix')]",
                        "clusterName": "[variables('sqlClusterName')]",
                        "clusterIP": "[variables('sql-cluster-ip')]",
                        "clusterIlbIP": "[variables('sql-ilb-ip')]",
                        "FileShareListenerIP": "[variables('sql-listener-ip')]",
                        "fileShareWitness": "[concat('\\\\', variables('FileShareWitnessServer'), '\\Witnesses\\', ResourceGroup().Name)]",
                        "nodeIndex": "[copyIndex()]",
                        "namePrefix": "[variables('namePrefix')]",
                        "sapSid": "[parameters('sapSid')]",
                        "secondaryNodeName": "[concat(variables('namePrefix'), parameters('sql-vms').role, padLeft(add(parameters('sql-vms').startSequence, 1), 2, '0'))]",
                        "dataVolumeLUNs": "[parameters('sql-vms').dataVolumeLUNs]",
                        "logVolumeLun": "[parameters('sql-vms').logVolumeLUN]",
                        "witnessStorageName": "[variables('storageAccount')]",
                        "witnessStorageEndpoint": "core.windows.net",
                        "witnessStorageKey": {
                            "userName": "PLACEHOLDER-DO-NOT-USE",
                            "password": "PrivateSettingsRef:witnessStorageKey"
                        },
                        "adminCreds": {
                            "userName": "[parameters('domainUserName')]",
                            "password": "PrivateSettingsRef:domainPassword"
                        }
                    }
                },
                "protectedSettings": {
                    "items": {
                        "domainPassword": "[parameters('domainPassword')]",
                        "witnessStorageKey": "[listKeys(resourceId('Microsoft.Storage/storageAccounts',variables('storageAccount')),providers('Microsoft.Storage', 'storageAccounts').apiVersions[0]).keys[0].value]"
                    }
                }
            }
        }
    ]
}