{
    "$schema": "https://schema.management.azure.com/schemas/2015-01-01/deploymentTemplate.json#",
    "contentVersion": "1.0.0.0",
    "parameters": {
        "workspaceName": {
            "type": "String",
            "defaultValue": "[concat(resourceGroup().name, '-', 'dbsp')]"
        },
        "tier": {
            "defaultValue": "premium", //required for RBAC policies to be of use
            "type": "String"
        },
        "subscriptionId": {
            "type": "string",
            "defaultValue": "[subscription().id]"
        },
        "managedResourceGroupName": {
            "type": "string",
            "defaultValue": "[concat(parameters('workspaceName'), '-', 'managed')]"
        },
        "managedResourceGroupId": {
            "type": "string",
            "defaultValue": "[concat(parameters('subscriptionId'), '/resourceGroups/', parameters('managedResourceGroupName'))]"
        }
    },
    "variables": {},
    "resources": [
        {
            "type": "Microsoft.Databricks/workspaces",
            "sku": {
                "name": "[parameters('tier')]"
            },
            "name": "[parameters('workspaceName')]",
            "apiVersion": "2018-04-01",
            "location": "[resourceGroup().location]",
            "properties": {
                "ManagedResourceGroupId": "[parameters('managedResourceGroupId')]"
            }
        }
    ]
}