{
  "$schema": "https://schema.management.azure.com/schemas/2019-04-01/deploymentParameters.json#",
  "contentVersion": "1.0.0.0",
  "parameters": {
    "adminUsername": {
      "value": "groot"
    },
    "subnetId": {
      "value": "/subscriptions/<subscriptionId>/resourceGroups/<resourceGroup>/providers/Microsoft.Network/virtualNetworks/<vnet>/subnets/<subnet>"
    },
    "managedImageResourceUri": {
      "value": "/subscriptions/<subscriptionId>/resourceGroups/<resourceGroup>/providers/Microsoft.Compute/images/martech-ado-agent-image"
    },
    "agentOrgUrl": {
      "value": "https://dev.azure.com/WBA"
    },
    "agentPool": {
      "value": "martechADOPool"
    }
  }
}
