{
    "$schema": "https://schema.management.azure.com/schemas/2015-01-01/deploymentTemplate.json#",
    "contentVersion": "2.0.0",
    "parameters": {
        "name": {
            "type": "string",
            "metadata": {
                "description": "name of the resource"
            }
        },
        "location": {
            "type": "string",
            "defaultValue": "[resourceGroup().location]",
            "metadata": {
                "description": "location of the resource"
            }
        },
        "sku": {
            "type": "string",
            "defaultValue": "B1",
            "metadata": {
                "description": "price tier"
            }
        },
        "capacity": {
            "type": "int",
            "defaultValue": 1,
            "metadata": {
                "description": "number of instances"
            }
        },
        "hostingEnvironment": {
            "type": "string",
            "defaultValue": "",
            "metadata": {
                "description": "hosting environemnt (app service environment) to use (optional resource group name prefix) format: {resource-group}/{app-service-environment}"
            }
        }
    },
    "variables": {
        "apiVersion": "2016-03-01",
        "tiers": {
            "F": "Free",
            "B": "Basic",
            "S": "Standard",
            "P": "Premium",
            "Y": "Dynamic"
        },
        "hostingEnvironmentHasValue": "[length(take(parameters('hostingEnvironment'), 1))]",
        "convertToHostingEnvironment": [
            {
                "resourceGroup": "[resourceGroup().name]",
                "name": "[parameters('hostingEnvironment')]"
            },
            {
                "resourceGroup": "[split(parameters('hostingEnvironment'),'/')[0]]",
                "name": "[split(concat(parameters('hostingEnvironment'),'/'),'/')[1]]"
            }
        ],
        "hostingEnvironment": "[variables('convertToHostingEnvironment')[sub(length(split(parameters('hostingEnvironment'),'/')),1)]]",
        "convertToHostingEnvironmentId": [
            null,
            {
                "id": "[resourceId(variables('hostingEnvironment').resourceGroup, 'Microsoft.Web/hostingEnvironments', variables('hostingEnvironment').name)]"
            }
        ]
    },
    "resources": [
        {
            "apiVersion": "[variables('apiVersion')]",
            "name": "[parameters('name')]",
            "type": "Microsoft.Web/serverfarms",
            "location": "[parameters('location')]",
            "tags": {
                "template": "[concat(split(split(deployment().properties.templateLink.uri,'/')[5],'.')[0],'@',split(deployment().properties.templateLink.uri,'/')[4])]"
            },
            "sku": {
                "name": "[parameters('sku')]",
                "tier": "[variables('tiers')[toUpper(substring(parameters('sku'), 0, 1))]]",
                "capacity": "[parameters('capacity')]"
            },
            "properties": {
                "name": "[parameters('name')]",
                "hostingEnvironmentId": "[variables('convertToHostingEnvironmentId')[variables('hostingEnvironmentHasValue')]]"
            }
        }
    ]
}