{
    "$schema": "https://schema.management.azure.com/schemas/2015-01-01/deploymentTemplate.json#",
    "contentVersion": "2.0.0",
    "parameters": {
        "name": {
            "type": "string",
            "metadata": {
                "description": "name of the resource"
            }
        },
        "location": {
            "type": "string",
            "defaultValue": "[resourceGroup().location]",
            "metadata": {
                "description": "location of the resource"
            }
        }
    },
    "variables": {
        "apiVersion": "2015-05-01"
    },
    "resources": [
        {
            "apiVersion": "[variables('apiVersion')]",
            "type": "microsoft.insights/components",
            "name": "[parameters('name')]",
            "location": "[parameters('location')]",
            "tags": {
                "template": "[concat(split(split(deployment().properties.templateLink.uri,'/')[5],'.')[0],'@',split(deployment().properties.templateLink.uri,'/')[4])]"
            },
            "properties": {
                "ApplicationId": "[parameters('name')]"
            }
        }
    ]
}