{
    "$schema": "https://schema.management.azure.com/schemas/2015-01-01/deploymentTemplate.json#",
    "contentVersion": "2.0.0",
    "parameters": {
        "name": {
            "type": "string",
            "metadata": {
                "description": "name of the resource"
            }
        },
        "location": {
            "type": "string",
            "defaultValue": "[resourceGroup().location]",
            "metadata": {
                "description": "location of the resource"
            }
        },
        "subnet": {
            "type": "string",
            "metadata": {
                "description": "subnet to attach to format: ResourceID"
            }
        },
        "ipAddress": {
            "type": "string",
            "defaultValue": "",
            "metadata": {
                "description": "IP address for interface (blank = auto assigned)"
            }
        },
        "networkSecurityGroup": {
            "type": "string",
            "defaultValue": "",
            "metadata": {
                "description": "network security group to use (optionally resource group name prefix) format: {resource-group}/{nsg}"
            }
        },
        "loadBalancerPool": {
            "type": "string",
            "defaultValue": "",
            "metadata": {
                "description": "load balancer pool to put interface in (optional) format: {load-balancer-name}/{pool-name}"
            }
        },
        "dnsServers": {
            "type": "array",
            "defaultValue": [],
            "metadata": {
                "description": "list of DNS servers (optional array of strings)"
            }
        },
        "enableIPForwarding": {
            "type": "bool",
            "defaultValue": false,
            "metadata": {
                "description": "enables ip forwarding for this network interface"
            }
        }
    },
    "variables": {
        "apiVersion": "2016-03-30",
        "ipAddressHasValue": "[length(take(parameters('ipAddress'), 1))]",
        "convertToPrivateIpConfiguration": [
            {
                "privateIPAddress": null,
                "privateIPAllocationMethod": "Dynamic"
            },
            {
                "privateIPAddress": "[parameters('ipAddress')]",
                "privateIPAllocationMethod": "Static"
            }
        ],
        "privateIpConfiguration": "[variables('convertToPrivateIpConfiguration')[variables('ipAddressHasValue')]]",
        "nsgHasValue": "[length(take(parameters('networkSecurityGroup'), 1))]",
        "convertToNsg": [
            {
                "resourceGroup": "[resourceGroup().name]",
                "name": "[parameters('networkSecurityGroup')]"
            },
            {
                "resourceGroup": "[split(parameters('networkSecurityGroup'),'/')[0]]",
                "name": "[split(concat(parameters('networkSecurityGroup'),'/'),'/')[1]]"
            }
        ],
        "nsg": "[variables('convertToNsg')[sub(length(split(parameters('networkSecurityGroup'),'/')),1)]]",
        "convertToNsgId": [
            null,
            {
                "id": "[resourceId(variables('nsg').resourceGroup, 'Microsoft.Network/networkSecurityGroups', variables('nsg').name)]"
            }
        ],
        "loadBalancerPoolHasValue": "[length(take(parameters('loadBalancerPool'), 1))]",
        "loadBalancerPool": "[split(concat(parameters('loadBalancerPool'), '/'), '/')]",
        "convertToLoadBalancerBackendAddressPools": [
            null,
            [
                { "id": "[resourceId('Microsoft.Network/loadBalancers/backendAddressPools', variables('loadBalancerPool')[0], variables('loadBalancerPool')[1])]" }
            ]
        ],
        "dnsServersHasValue": "[length(take(parameters('dnsServers'), 1))]",
        "convertToDnsSettings": [
            null,
            {
                "dnsServers": "[parameters('dnsServers')]"
            }
        ]
    },
    "resources": [
        {
            "apiVersion": "[variables('apiVersion')]",
            "type": "Microsoft.Network/networkInterfaces",
            "name": "[parameters('name')]",
            "location": "[parameters('location')]",
            "tags": {
                "template": "[concat(split(split(deployment().properties.templateLink.uri,'/')[5],'.')[0],'@',split(deployment().properties.templateLink.uri,'/')[4])]"
            },
            "properties": {
                "networkSecurityGroup": "[variables('convertToNsgId')[variables('nsgHasValue')]]",
                "ipConfigurations": [
                    {
                        "name": "[concat(parameters('name'), '-ip')]",
                        "properties": {
                            "privateIPAddress": "[variables('privateIpConfiguration').privateIPAddress]",
                            "privateIPAllocationMethod": "[variables('privateIpConfiguration').privateIPAllocationMethod]",
                            "subnet": {
                                "id": "[parameters('subnet')]"
                            },
                            "loadBalancerBackendAddressPools": "[variables('convertToLoadBalancerBackendAddressPools')[variables('loadBalancerPoolHasValue')]]"
                        }
                    }
                ],
                "dnsSettings": "[variables('convertToDnsSettings')[variables('dnsServersHasValue')]]",
                "enableIPForwarding": "[parameters('enableIPForwarding')]"
            }
        }
    ]
}
