{
  "$schema": "https://schema.management.azure.com/schemas/2015-01-01/deploymentTemplate.json#",
  "contentVersion": "2.0.0",
  "parameters": {
    "vm": {
      "type": "string",
      "metadata": {
        "description": "name of a virtual machine"
      }
    },
    "location": {
      "type": "string",
      "defaultValue": "[resourceGroup().location]",
      "metadata": {
        "description": "location of the resource"
      }
    },
    "operatingSystem": {
      "type": "string",
      "allowedValues": [
        "Windows",
        "Linux"
      ],
      "metadata": {
        "description": "operating system (Windows, Linux)"
      }
    }
  },
  "variables": {
    "apiVersion": "2016-06-01",
    "OperatingSystemOMSTemplate": {
      "Windows": "OMS-Extension-Windows-internal.json",
      "Linux": "OMS-Extension-Linux-internal.json"
    },
    "OMSInternalTemplate": "[variables('OperatingSystemOMSTemplate')[parameters('operatingSystem')]]",
    "SharedTemplateSAS": "[concat('?',split(deployment().properties.templateLink.uri,'?')[1])]"
  },
  "resources": [
            {
            "apiVersion": "[variables('apiVersion')]",
            "type": "Microsoft.Resources/deployments",
            "name": "[take(concat(deployment().name, '-internal'), 64)]",
            "dependsOn": [],
            "properties": {
              "templateLink": {
                "uri": "[concat(uri(deployment().properties.templateLink.uri, variables('OMSInternalTemplate')),variables('SharedTemplateSAS'))]"
              },
              "parameters": {
                "vm": { "value": "[parameters('vm')]" },
                "location": { "value": "[parameters('location')]" },
                "workspaceId": {
                  "reference": {
                    "keyVault": {
                      "id": "[resourceGroup().tags.ProvisioningKeyVault]"
                    },
                    "secretName": "OMS-Workspace-ID"
                  }
                },
                "workspaceKey": {
                  "reference": {
                    "keyVault": {
                      "id": "[resourceGroup().tags.ProvisioningKeyVault]"
                    },
                    "secretName": "OMS-Workspace-Key"
                  }
                }
              },
                "mode": "incremental"
            }
        }
  ]
}