{
  "$schema": "https://schema.management.azure.com/schemas/2015-01-01/deploymentTemplate.json#",
  "contentVersion": "2.0.0",
  "parameters": {
    "vm": {
      "type": "string",
      "metadata": {
        "description": "name of a virtual machine"
      }
    },
    "location": {
      "type": "string",
      "defaultValue": "[resourceGroup().location]",
      "metadata": {
        "description": "location of the resource"
      }
    },
    "workspaceId": {
      "type": "string",
      "metadata": {
        "description": "Workspace ID of OMS"
      }
    },
    "workspaceKey": {
      "type": "securestring",
      "metadata": {
        "description": "Key for OMS Workspace"
      }
    }
  },
  "variables": {
    "apiVersion": "2016-03-30"
  },
  "resources": [
    {
      "apiVersion": "[variables('apiVersion')]",
      "type": "Microsoft.Compute/virtualMachines/extensions",
      "name": "[concat(parameters('vm'),'/OMSExtension')]",
      "location": "[parameters('location')]",
      "tags": {
        "template": "[concat(split(split(deployment().properties.templateLink.uri,'/')[5],'.')[0],'@',split(deployment().properties.templateLink.uri,'/')[4])]"
      },
      "properties": {
        "publisher": "Microsoft.EnterpriseCloud.Monitoring",
        "type": "OmsAgentForLinux",
        "typeHandlerVersion": "1.0",
        "settings": {
          "workspaceId": "[parameters('workspaceId')]"
        },
        "protectedSettings": {
          "workspaceKey": "[parameters('workspaceKey')]"
        }
      }
    },
    {
      "type": "Microsoft.Compute/virtualMachines/extensions",
      "name": "[concat(parameters('vm'),'/DependencyAgent')]",
      "apiVersion": "2018-06-01",
      "location": "[parameters('location')]",
      "dependsOn": [
        "[concat('Microsoft.Compute/virtualMachines/',parameters('vm'),'/extensions/OMSExtension')]"
      ],
      "tags": {
        "template": "[concat(split(split(deployment().properties.templateLink.uri,'/')[5],'.')[0],'@',split(deployment().properties.templateLink.uri,'/')[4])]"
      },
      "properties": {
        "publisher": "Microsoft.Azure.Monitoring.DependencyAgent",
        "type": "DependencyAgentLinux",
        "typeHandlerVersion": "9.7",
        "autoUpgradeMinorVersion": true
      }
    }
  ]
}