{
    "$schema": "http://schema.management.azure.com/schemas/2014-04-01-preview/deploymentTemplate.json#",
    "contentVersion": "1.0.0.0",
    "parameters": {
        "name": {
            "type": "string",
            "metadata": {
                "description": "name of the resource"
            }
        },
        "location": {
            "type": "string",
            "defaultValue": "[resourceGroup().location]",
            "metadata": {
                "description": "location of the resource"
            }
        },
        "sku": {
            "type": "string",
            "defaultValue": "Standard",
            "metadata": {
                "description": "pricing tier"
            }
        }
    },
    "variables": {
        "apiVersion": "2015-08-01"
    },
    "resources": [
        {
            "apiVersion": "[variables('apiVersion')]",
            "type": "Microsoft.ServiceBus/Namespaces",
            "name": "[parameters('name')]",
            "location": "[parameters('location')]",
            "tags": {
                "template": "[concat(split(split(deployment().properties.templateLink.uri,'/')[5],'.')[0],'@',split(deployment().properties.templateLink.uri,'/')[4])]"
            },
            "kind": "Messaging",
            "sku": {
                "name": "[parameters('sku')]",
                "tier": "[parameters('sku')]"
            }
        }
    ]
}