{
    "$schema": "https://schema.management.azure.com/schemas/2015-01-01/deploymentTemplate.json#",
    "contentVersion": "2.0.0",
    "parameters": {
        "name": {
            "type": "string",
            "metadata": {
                "description": "name of the resource"
            }
        },
        "location": {
            "type": "string",
            "defaultValue": "[resourceGroup().location]",
            "metadata": {
                "description": "location of the resource"
            }
        },
        "adminUsername": {
            "type": "securestring",
            "metadata": {
                "description": "user name of local admin account"
            }
        },
        "adminPassword": {
            "type": "securestring",
            "metadata": {
                "description": "user name for local admin account"
            }
        },
        "adminAdUser": {
            "type": "securestring",
            "metadata": {
                "description": "user name of AD admin"
            }
        },
        "adminAdSid": {
            "type": "securestring",
            "metadata": {
                "description": "SID for AD admin"
            }
        },
        "adminAdTenant": {
            "type": "securestring",
            "defaultValue": "[subscription().tenantId]",
            "metadata": {
                "description": "tenant of AD users"
            }
        },
        "ipRangesAllowed": {
            "type": "array",
            "metadata": {
                "description": "IP addresses allowed access"
            }
        },
        "auditStorageAccount": {
            "type": "string",
            "metadata": {
                "description": "storage account for auditing"
            }
        },
        "threatAlertEmail": {
            "type": "string",
            "defaultValue": "",
            "metadata": {
                "description": "e-mail addresses that will receive threat alerts"
            }
        }
    },
  "variables": {
    "serverApiVersion": "2014-04-01",
    "auditAndThreatApiVersion": "2015-05-01-Preview"
  },
    "resources": [
      {
        "apiVersion": "[variables('serverApiVersion')]",
        "type": "Microsoft.Sql/servers/firewallrules",
        "name": "[concat(parameters('name'), '/allow-ip-', copyindex())]",
        "location": "[parameters('location')]",
        "dependsOn": [ "[resourceId('Microsoft.Sql/servers', parameters('name'))]" ],
        "copy": {
          "name": "firewall-rules",
          "count": "[length(parameters('ipRangesAllowed'))]"
        },
        "properties": {
          "startIpAddress": "[parameters('ipRangesAllowed')[copyindex()].startIpAddress]",
          "endIpAddress": "[parameters('ipRangesAllowed')[copyindex()].endIpAddress]"
        }
      },
      {
        "apiVersion": "[variables('serverApiVersion')]",
        "type": "Microsoft.Sql/servers",
        "name": "[parameters('name')]",
        "location": "[parameters('location')]",
        "tags": {
          "template": "[concat(split(split(deployment().properties.templateLink.uri,'/')[5],'.')[0],'@',split(deployment().properties.templateLink.uri,'/')[4])]"
        },
        "properties": {
          "administratorLogin": "[parameters('adminUsername')]",
          "administratorLoginPassword": "[parameters('adminPassword')]",
          "version": "12.0"
        },
        "resources": [
          {
            "apiVersion": "[variables('serverApiVersion')]",
            "type": "administrators",
            "name": "ActiveDirectory",
            "location": "[parameters('location')]",
            "dependsOn": [ "[resourceId('Microsoft.Sql/servers', parameters('name'))]" ],
            "properties": {
              "login": "[parameters('adminAdUser')]",
              "sid": "[parameters('adminAdSid')]",
              "administratorType": "activeDirectory",
              "tenantId": "[parameters('adminAdTenant')]"
            }
          },
          {
            "apiVersion": "[variables('auditAndThreatApiVersion')]",
            "type": "auditingSettings",
            "name": "Default",
            "location": "[parameters('location')]",
            "dependsOn": [
              "[resourceId('Microsoft.Sql/servers', parameters('name'))]",
              "[resourceId('Microsoft.Sql/servers/administrators', parameters('name'), 'ActiveDirectory')]"
            ],
            "properties": {
              "state": "Enabled",
              "storageEndpoint": "[concat('https://', parameters('auditStorageAccount'), '.blob.core.windows.net/')]",
              "auditActionsAndGroups": [ "SUCCESSFUL_DATABASE_AUTHENTICATION_GROUP", "FAILED_DATABASE_AUTHENTICATION_GROUP" ],
              "storageAccountSubscriptionId": "[subscription().subscriptionId]",
              "storageAccountAccessKey": "[listKeys(resourceId('Microsoft.Storage/storageAccounts', parameters('auditStorageAccount')), providers('Microsoft.Storage', 'storageAccounts').apiVersions[0]).keys[0].value]",
              "retentionDays": "0"
            }
          },
          {
            "apiVersion": "[variables('auditAndThreatApiVersion')]",
            "type": "securityAlertPolicies",
            "name": "Default",
            "location": "[parameters('location')]",
            "dependsOn": [
              "[resourceId('Microsoft.Sql/servers', parameters('name'))]",
              "[resourceId('Microsoft.Sql/servers/auditingSettings', parameters('name'), 'Default')]"
            ],
            "properties": {
              "state": "Enabled",
              "disabledAlerts": "",
              "emailAccountAdmins": "Enabled",
              "emailAddresses": "[parameters('threatAlertEmail')]",
              "retentionDays": "0",
              "storageEndpoint": "[concat('https://', parameters('auditStorageAccount'), '.blob.core.windows.net/')]",
              "storageAccountAccessKey": "[listKeys(resourceId('Microsoft.Storage/storageAccounts', parameters('auditStorageAccount')), providers('Microsoft.Storage', 'storageAccounts').apiVersions[0]).keys[0].value]"
            }
          }
        ]
      }
    ]
}