{
    "$schema": "https://schema.management.azure.com/schemas/2015-01-01/deploymentTemplate.json#",
    "contentVersion": "2.0.0",
    "parameters": {
        "ipRanges": {
            "type": "string",
            "defaultValue": "",
            "metadata": {
                "description": "list of IP ranges to allow (no addresses == no access) format: 0.0.0.0-0.0.0.0,1.1.1.1-1.1.1.1"
            }
        }
    },
    "outputs": {
        "ipRanges": {
            "value": "[take(variables('list'), variables('count'))]",
            "type": "array"
        }
    },
    "resources": [],
    "variables": {
        "ipRangesHasValue": "[length(take(parameters('ipRanges'), 1))]",
        "convertToCount": [
            0,
            "[length(split(parameters('ipRanges'), ','))]"
        ],
        "count": "[variables('convertToCount')[variables('ipRangesHasValue')]]",
        "ipRanges": "[split(concat(parameters('ipRanges'), '-,-,-,-,-,-,-,-,-,-,-,-,-,-,-,-,-,-,-,-,-,-,-,-,-,-,-,-,-,-,-,-,-,-,-,-,-,-,-,-,-,-,-,-,-,-,-,-,-,-,-,-,-,-,-,-,-,-,-,-,-,-,-,-,-,-,-,-,-,-,-,-,-,-,-,-,-,-,-,-,-,-,-,-,-,-,-,-,-,-,-,-,-,-,-,-,-,-,-,-,-'), ',')]",
        "list": [
            { "startIpAddress": "[split(variables('ipRanges')[0], '-')[0]]", "endIpAddress": "[split(variables('ipRanges')[0], '-')[1]]" },
            { "startIpAddress": "[split(variables('ipRanges')[1], '-')[0]]", "endIpAddress": "[split(variables('ipRanges')[1], '-')[1]]" },
            { "startIpAddress": "[split(variables('ipRanges')[2], '-')[0]]", "endIpAddress": "[split(variables('ipRanges')[2], '-')[1]]" },
            { "startIpAddress": "[split(variables('ipRanges')[3], '-')[0]]", "endIpAddress": "[split(variables('ipRanges')[3], '-')[1]]" },
            { "startIpAddress": "[split(variables('ipRanges')[4], '-')[0]]", "endIpAddress": "[split(variables('ipRanges')[4], '-')[1]]" },
            { "startIpAddress": "[split(variables('ipRanges')[5], '-')[0]]", "endIpAddress": "[split(variables('ipRanges')[5], '-')[1]]" },
            { "startIpAddress": "[split(variables('ipRanges')[6], '-')[0]]", "endIpAddress": "[split(variables('ipRanges')[6], '-')[1]]" },
            { "startIpAddress": "[split(variables('ipRanges')[7], '-')[0]]", "endIpAddress": "[split(variables('ipRanges')[7], '-')[1]]" },
            { "startIpAddress": "[split(variables('ipRanges')[8], '-')[0]]", "endIpAddress": "[split(variables('ipRanges')[8], '-')[1]]" },
            { "startIpAddress": "[split(variables('ipRanges')[9], '-')[0]]", "endIpAddress": "[split(variables('ipRanges')[9], '-')[1]]" },
            { "startIpAddress": "[split(variables('ipRanges')[10], '-')[0]]", "endIpAddress": "[split(variables('ipRanges')[10], '-')[1]]" },
            { "startIpAddress": "[split(variables('ipRanges')[11], '-')[0]]", "endIpAddress": "[split(variables('ipRanges')[11], '-')[1]]" },
            { "startIpAddress": "[split(variables('ipRanges')[12], '-')[0]]", "endIpAddress": "[split(variables('ipRanges')[12], '-')[1]]" },
            { "startIpAddress": "[split(variables('ipRanges')[13], '-')[0]]", "endIpAddress": "[split(variables('ipRanges')[13], '-')[1]]" },
            { "startIpAddress": "[split(variables('ipRanges')[14], '-')[0]]", "endIpAddress": "[split(variables('ipRanges')[14], '-')[1]]" },
            { "startIpAddress": "[split(variables('ipRanges')[15], '-')[0]]", "endIpAddress": "[split(variables('ipRanges')[15], '-')[1]]" },
            { "startIpAddress": "[split(variables('ipRanges')[16], '-')[0]]", "endIpAddress": "[split(variables('ipRanges')[16], '-')[1]]" },
            { "startIpAddress": "[split(variables('ipRanges')[17], '-')[0]]", "endIpAddress": "[split(variables('ipRanges')[17], '-')[1]]" },
            { "startIpAddress": "[split(variables('ipRanges')[18], '-')[0]]", "endIpAddress": "[split(variables('ipRanges')[18], '-')[1]]" },
            { "startIpAddress": "[split(variables('ipRanges')[19], '-')[0]]", "endIpAddress": "[split(variables('ipRanges')[19], '-')[1]]" },
            { "startIpAddress": "[split(variables('ipRanges')[20], '-')[0]]", "endIpAddress": "[split(variables('ipRanges')[20], '-')[1]]" },
            { "startIpAddress": "[split(variables('ipRanges')[21], '-')[0]]", "endIpAddress": "[split(variables('ipRanges')[21], '-')[1]]" },
            { "startIpAddress": "[split(variables('ipRanges')[22], '-')[0]]", "endIpAddress": "[split(variables('ipRanges')[22], '-')[1]]" },
            { "startIpAddress": "[split(variables('ipRanges')[23], '-')[0]]", "endIpAddress": "[split(variables('ipRanges')[23], '-')[1]]" },
            { "startIpAddress": "[split(variables('ipRanges')[24], '-')[0]]", "endIpAddress": "[split(variables('ipRanges')[24], '-')[1]]" },
            { "startIpAddress": "[split(variables('ipRanges')[25], '-')[0]]", "endIpAddress": "[split(variables('ipRanges')[25], '-')[1]]" },
            { "startIpAddress": "[split(variables('ipRanges')[26], '-')[0]]", "endIpAddress": "[split(variables('ipRanges')[26], '-')[1]]" },
            { "startIpAddress": "[split(variables('ipRanges')[27], '-')[0]]", "endIpAddress": "[split(variables('ipRanges')[27], '-')[1]]" },
            { "startIpAddress": "[split(variables('ipRanges')[28], '-')[0]]", "endIpAddress": "[split(variables('ipRanges')[28], '-')[1]]" },
            { "startIpAddress": "[split(variables('ipRanges')[29], '-')[0]]", "endIpAddress": "[split(variables('ipRanges')[29], '-')[1]]" },
            { "startIpAddress": "[split(variables('ipRanges')[30], '-')[0]]", "endIpAddress": "[split(variables('ipRanges')[30], '-')[1]]" },
            { "startIpAddress": "[split(variables('ipRanges')[31], '-')[0]]", "endIpAddress": "[split(variables('ipRanges')[31], '-')[1]]" },
            { "startIpAddress": "[split(variables('ipRanges')[32], '-')[0]]", "endIpAddress": "[split(variables('ipRanges')[32], '-')[1]]" },
            { "startIpAddress": "[split(variables('ipRanges')[33], '-')[0]]", "endIpAddress": "[split(variables('ipRanges')[33], '-')[1]]" },
            { "startIpAddress": "[split(variables('ipRanges')[34], '-')[0]]", "endIpAddress": "[split(variables('ipRanges')[34], '-')[1]]" },
            { "startIpAddress": "[split(variables('ipRanges')[35], '-')[0]]", "endIpAddress": "[split(variables('ipRanges')[35], '-')[1]]" },
            { "startIpAddress": "[split(variables('ipRanges')[36], '-')[0]]", "endIpAddress": "[split(variables('ipRanges')[36], '-')[1]]" },
            { "startIpAddress": "[split(variables('ipRanges')[37], '-')[0]]", "endIpAddress": "[split(variables('ipRanges')[37], '-')[1]]" },
            { "startIpAddress": "[split(variables('ipRanges')[38], '-')[0]]", "endIpAddress": "[split(variables('ipRanges')[38], '-')[1]]" },
            { "startIpAddress": "[split(variables('ipRanges')[39], '-')[0]]", "endIpAddress": "[split(variables('ipRanges')[39], '-')[1]]" },
            { "startIpAddress": "[split(variables('ipRanges')[40], '-')[0]]", "endIpAddress": "[split(variables('ipRanges')[40], '-')[1]]" },
            { "startIpAddress": "[split(variables('ipRanges')[41], '-')[0]]", "endIpAddress": "[split(variables('ipRanges')[41], '-')[1]]" },
            { "startIpAddress": "[split(variables('ipRanges')[42], '-')[0]]", "endIpAddress": "[split(variables('ipRanges')[42], '-')[1]]" },
            { "startIpAddress": "[split(variables('ipRanges')[43], '-')[0]]", "endIpAddress": "[split(variables('ipRanges')[43], '-')[1]]" },
            { "startIpAddress": "[split(variables('ipRanges')[44], '-')[0]]", "endIpAddress": "[split(variables('ipRanges')[44], '-')[1]]" },
            { "startIpAddress": "[split(variables('ipRanges')[45], '-')[0]]", "endIpAddress": "[split(variables('ipRanges')[45], '-')[1]]" },
            { "startIpAddress": "[split(variables('ipRanges')[46], '-')[0]]", "endIpAddress": "[split(variables('ipRanges')[46], '-')[1]]" },
            { "startIpAddress": "[split(variables('ipRanges')[47], '-')[0]]", "endIpAddress": "[split(variables('ipRanges')[47], '-')[1]]" },
            { "startIpAddress": "[split(variables('ipRanges')[48], '-')[0]]", "endIpAddress": "[split(variables('ipRanges')[48], '-')[1]]" },
            { "startIpAddress": "[split(variables('ipRanges')[49], '-')[0]]", "endIpAddress": "[split(variables('ipRanges')[49], '-')[1]]" },
            { "startIpAddress": "[split(variables('ipRanges')[50], '-')[0]]", "endIpAddress": "[split(variables('ipRanges')[50], '-')[1]]" },
            { "startIpAddress": "[split(variables('ipRanges')[51], '-')[0]]", "endIpAddress": "[split(variables('ipRanges')[51], '-')[1]]" },
            { "startIpAddress": "[split(variables('ipRanges')[52], '-')[0]]", "endIpAddress": "[split(variables('ipRanges')[52], '-')[1]]" },
            { "startIpAddress": "[split(variables('ipRanges')[53], '-')[0]]", "endIpAddress": "[split(variables('ipRanges')[53], '-')[1]]" },
            { "startIpAddress": "[split(variables('ipRanges')[54], '-')[0]]", "endIpAddress": "[split(variables('ipRanges')[54], '-')[1]]" },
            { "startIpAddress": "[split(variables('ipRanges')[55], '-')[0]]", "endIpAddress": "[split(variables('ipRanges')[55], '-')[1]]" },
            { "startIpAddress": "[split(variables('ipRanges')[56], '-')[0]]", "endIpAddress": "[split(variables('ipRanges')[56], '-')[1]]" },
            { "startIpAddress": "[split(variables('ipRanges')[57], '-')[0]]", "endIpAddress": "[split(variables('ipRanges')[57], '-')[1]]" },
            { "startIpAddress": "[split(variables('ipRanges')[58], '-')[0]]", "endIpAddress": "[split(variables('ipRanges')[58], '-')[1]]" },
            { "startIpAddress": "[split(variables('ipRanges')[59], '-')[0]]", "endIpAddress": "[split(variables('ipRanges')[59], '-')[1]]" },
            { "startIpAddress": "[split(variables('ipRanges')[60], '-')[0]]", "endIpAddress": "[split(variables('ipRanges')[60], '-')[1]]" },
            { "startIpAddress": "[split(variables('ipRanges')[61], '-')[0]]", "endIpAddress": "[split(variables('ipRanges')[61], '-')[1]]" },
            { "startIpAddress": "[split(variables('ipRanges')[62], '-')[0]]", "endIpAddress": "[split(variables('ipRanges')[62], '-')[1]]" },
            { "startIpAddress": "[split(variables('ipRanges')[63], '-')[0]]", "endIpAddress": "[split(variables('ipRanges')[63], '-')[1]]" },
            { "startIpAddress": "[split(variables('ipRanges')[64], '-')[0]]", "endIpAddress": "[split(variables('ipRanges')[64], '-')[1]]" },
            { "startIpAddress": "[split(variables('ipRanges')[65], '-')[0]]", "endIpAddress": "[split(variables('ipRanges')[65], '-')[1]]" },
            { "startIpAddress": "[split(variables('ipRanges')[66], '-')[0]]", "endIpAddress": "[split(variables('ipRanges')[66], '-')[1]]" },
            { "startIpAddress": "[split(variables('ipRanges')[67], '-')[0]]", "endIpAddress": "[split(variables('ipRanges')[67], '-')[1]]" },
            { "startIpAddress": "[split(variables('ipRanges')[68], '-')[0]]", "endIpAddress": "[split(variables('ipRanges')[68], '-')[1]]" },
            { "startIpAddress": "[split(variables('ipRanges')[69], '-')[0]]", "endIpAddress": "[split(variables('ipRanges')[69], '-')[1]]" },
            { "startIpAddress": "[split(variables('ipRanges')[70], '-')[0]]", "endIpAddress": "[split(variables('ipRanges')[70], '-')[1]]" },
            { "startIpAddress": "[split(variables('ipRanges')[71], '-')[0]]", "endIpAddress": "[split(variables('ipRanges')[71], '-')[1]]" },
            { "startIpAddress": "[split(variables('ipRanges')[72], '-')[0]]", "endIpAddress": "[split(variables('ipRanges')[72], '-')[1]]" },
            { "startIpAddress": "[split(variables('ipRanges')[73], '-')[0]]", "endIpAddress": "[split(variables('ipRanges')[73], '-')[1]]" },
            { "startIpAddress": "[split(variables('ipRanges')[74], '-')[0]]", "endIpAddress": "[split(variables('ipRanges')[74], '-')[1]]" },
            { "startIpAddress": "[split(variables('ipRanges')[75], '-')[0]]", "endIpAddress": "[split(variables('ipRanges')[75], '-')[1]]" },
            { "startIpAddress": "[split(variables('ipRanges')[76], '-')[0]]", "endIpAddress": "[split(variables('ipRanges')[76], '-')[1]]" },
            { "startIpAddress": "[split(variables('ipRanges')[77], '-')[0]]", "endIpAddress": "[split(variables('ipRanges')[77], '-')[1]]" },
            { "startIpAddress": "[split(variables('ipRanges')[78], '-')[0]]", "endIpAddress": "[split(variables('ipRanges')[78], '-')[1]]" },
            { "startIpAddress": "[split(variables('ipRanges')[79], '-')[0]]", "endIpAddress": "[split(variables('ipRanges')[79], '-')[1]]" },
            { "startIpAddress": "[split(variables('ipRanges')[80], '-')[0]]", "endIpAddress": "[split(variables('ipRanges')[80], '-')[1]]" },
            { "startIpAddress": "[split(variables('ipRanges')[81], '-')[0]]", "endIpAddress": "[split(variables('ipRanges')[81], '-')[1]]" },
            { "startIpAddress": "[split(variables('ipRanges')[82], '-')[0]]", "endIpAddress": "[split(variables('ipRanges')[82], '-')[1]]" },
            { "startIpAddress": "[split(variables('ipRanges')[83], '-')[0]]", "endIpAddress": "[split(variables('ipRanges')[83], '-')[1]]" },
            { "startIpAddress": "[split(variables('ipRanges')[84], '-')[0]]", "endIpAddress": "[split(variables('ipRanges')[84], '-')[1]]" },
            { "startIpAddress": "[split(variables('ipRanges')[85], '-')[0]]", "endIpAddress": "[split(variables('ipRanges')[85], '-')[1]]" },
            { "startIpAddress": "[split(variables('ipRanges')[86], '-')[0]]", "endIpAddress": "[split(variables('ipRanges')[86], '-')[1]]" },
            { "startIpAddress": "[split(variables('ipRanges')[87], '-')[0]]", "endIpAddress": "[split(variables('ipRanges')[87], '-')[1]]" },
            { "startIpAddress": "[split(variables('ipRanges')[88], '-')[0]]", "endIpAddress": "[split(variables('ipRanges')[88], '-')[1]]" },
            { "startIpAddress": "[split(variables('ipRanges')[89], '-')[0]]", "endIpAddress": "[split(variables('ipRanges')[89], '-')[1]]" },
            { "startIpAddress": "[split(variables('ipRanges')[90], '-')[0]]", "endIpAddress": "[split(variables('ipRanges')[90], '-')[1]]" },
            { "startIpAddress": "[split(variables('ipRanges')[91], '-')[0]]", "endIpAddress": "[split(variables('ipRanges')[91], '-')[1]]" },
            { "startIpAddress": "[split(variables('ipRanges')[92], '-')[0]]", "endIpAddress": "[split(variables('ipRanges')[92], '-')[1]]" },
            { "startIpAddress": "[split(variables('ipRanges')[93], '-')[0]]", "endIpAddress": "[split(variables('ipRanges')[93], '-')[1]]" },
            { "startIpAddress": "[split(variables('ipRanges')[94], '-')[0]]", "endIpAddress": "[split(variables('ipRanges')[94], '-')[1]]" },
            { "startIpAddress": "[split(variables('ipRanges')[95], '-')[0]]", "endIpAddress": "[split(variables('ipRanges')[95], '-')[1]]" },
            { "startIpAddress": "[split(variables('ipRanges')[96], '-')[0]]", "endIpAddress": "[split(variables('ipRanges')[96], '-')[1]]" },
            { "startIpAddress": "[split(variables('ipRanges')[97], '-')[0]]", "endIpAddress": "[split(variables('ipRanges')[97], '-')[1]]" },
            { "startIpAddress": "[split(variables('ipRanges')[98], '-')[0]]", "endIpAddress": "[split(variables('ipRanges')[98], '-')[1]]" },
            { "startIpAddress": "[split(variables('ipRanges')[99], '-')[0]]", "endIpAddress": "[split(variables('ipRanges')[99], '-')[1]]" }
        ]
    }
}