{
    "$schema": "https://schema.management.azure.com/schemas/2015-01-01/deploymentTemplate.json#",
    "contentVersion": "2.0.0",
    "parameters": {
        "name": {
            "type": "string",
            "metadata": {
                "description": "name of the resource"
            }
        },
        "location": {
            "type": "string",
            "defaultValue": "[resourceGroup().location]",
            "metadata": {
                "description": "location of the resource"
            }
        },
        "server": {
            "type": "string",
            "metadata": {
                "description": "server of the database"
            }
        },
        "pricingTier": {
            "type": "string",
            "defaultValue": "Basic",
            "metadata": {
                "description": "pricing tier (examples: S0, P1, PRS1)"
            }
        },
        "collation": {
            "type": "string",
            "defaultValue": "SQL_Latin1_General_CP1_CI_AS",
            "metadata": {
                "description": "collation of database"
            }
        }
    },
    "variables": {
        "apiVersion": "2015-05-01-preview",
        "editions": {
            "BASIC": "Basic",
            "S": "Standard",
            "P": "Premium",
            "PRS": "PremiumRS",
            "DW": "DataWarehouse"
        },
        "numbers": ["0","1","2","3","4","5","6","7","8","9"]
    },
    "resources": [
        {
            "apiVersion": "[variables('apiVersion')]",
            "type": "Microsoft.Sql/servers/databases",
            "name": "[concat(parameters('server'), '/', parameters('name'))]",
            "location": "[parameters('location')]",
            "tags": {
                "template": "[concat(split(split(deployment().properties.templateLink.uri,'/')[5],'.')[0],'@',split(deployment().properties.templateLink.uri,'/')[4])]"
            },
            "properties": {
                "createMode": "Default",
                "edition": "[variables('editions')[toUpper(split(parameters('pricingTier'), variables('numbers'))[0])]]",
                "requestedServiceObjectiveName": "[parameters('pricingTier')]",
                "collation": "[parameters('collation')]"
            },
            "resources": [
                {
                    "apiVersion": "[variables('apiVersion')]",
                    "type": "transparentDataEncryption",
                    "name": "current",
                    "location": "[parameters('location')]",
                    "dependsOn": ["[concat('Microsoft.Sql/servers/', parameters('server'), '/databases/', parameters('name'))]"],
                    "properties": {
                        "status": "Enabled"
                    }
                }
            ]
        }
    ]
}