{
    "$schema": "https://schema.management.azure.com/schemas/2015-01-01/deploymentTemplate.json#",
    "contentVersion": "2.0.0",
    "parameters": {
        "name": {
            "type": "string",
            "metadata": {
                "description": "name of the resource"
            }
        },
        "description": {
            "type": "string",
            "metadata": {
                "description": "description for the machine (because the name is generated)"
            }
        },
        "location": {
            "type": "string",
            "defaultValue": "[resourceGroup().location]",
            "metadata": {
                "description": "location of the resource"
            }
        },
        "operatingSystem": {
            "type": "string",
            "allowedValues": [
                "Windows",
                "Linux"
            ],
            "metadata": {
                "description": "operating system (Windows or Linux)"
            }
        },
        "image": {
            "type": "string",
            "metadata": {
                "description": "platform/marketplace image (e.g. MicrosoftWindowsServer/WindowsServer/2012-R2-Datacenter) format: {publisher}/{offer}/{sku}/{version} (version defaults to 'latest' if omitted)"
            }
        },
        "size": {
            "type": "string",
            "defaultValue": "Basic_A1",
            "metadata": {
                "description": "performance level"
            }
        },
        "adminUsername": {
            "type": "securestring",
            "metadata": {
                "description": "local admin user name"
            }
        },
        "adminPassword": {
            "type": "securestring",
            "metadata": {
                "description": "local admin password"
            }
        },
        "networkInterface": {
            "type": "string",
            "metadata": {
                "description": "network interface to attach"
            }
        },
        "storageAccount": {
            "type": "string",
            "metadata": {
                "description": "storage account for all disks"
            }
        },
        "dataDiskCount": {
            "type": "int",
            "defaultValue": 1,
            "metadata": {
                "description": "number of data (non-os) disks"
            }
        },
        "dataDiskSize": {
            "type": "int",
            "defaultValue": 128,
            "metadata": {
                "description": "data (non-os) disk size in GB"
            }
        },
        "availabilitySet": {
            "type": "string",
            "defaultValue": "",
            "metadata": {
                "description": "availability set for fault tolerance (optional)"
            }
        },
        "diagnosticsStorageAccount": {
            "type": "string",
            "defaultValue": "[parameters('storageAccount')]",
            "metadata": {
                "description": "storage account for diagnostics (defaults to storage account for disks)"
            }
        },
        "plan": {
            "type": "string",
            "defaultValue": "",
            "metadata": {
                "description": "marketplace plan (optional - only used by certain marketplace images) format: {publisher}/{product}/{name}/"
            }
        }
    },
    "variables": {
        "apiVersion": "2016-03-30",
        "image": "[split(concat(parameters('image'), '/latest'), '/')]",
        "imageReference": {
            "publisher": "[variables('image')[0]]",
            "offer": "[variables('image')[1]]",
            "sku": "[variables('image')[2]]",
            "version": "[variables('image')[3]]"
        },
        "availabilitySetHasValue": "[length(take(parameters('availabilitySet'), 1))]",
        "convertToAvailabilitySet": [
            null,
            {
                "id": "[resourceId('Microsoft.Compute/availabilitySets', parameters('availabilitySet'))]"
            }
        ],
        "convertToWindowsConfiguration": {
            "windows": {
                "provisionVMAgent": true,
                "enableAutomaticUpdates": true
                // "timeZone": "Central Standard Time",
                // "additionalUnattendContent": [
                //     {
                //         "passName": "oobesystem",
                //         "componentName": "Microsoft-Windows-Shell-Setup",
                //         "settingName": "AutoLogon",
                //         "content": "[concat('<AutoLogon><Domain>', variables('vmName'), '</Domain><Username>', parameters('adminUsername'), '</Username><Password><Value>', parameters('adminPassword'), '</Value></Password><LogonCount>3650</LogonCount><Enabled>true</Enabled></AutoLogon>')]"
                //     }
                // ]
            },
            "linux": null
        },
        "convertToLinuxConfiguration": {
            "windows": null,
            "linux": {
                "disablePasswordAuthentication": false
                // "ssh": {
                //     "publicKeys": [
                //         {
                //             "path": "[concat('/home/',parameters('adminUserName'),'/.ssh/authorized_keys')]",
                //             "keyData": ""
                //         }
                //     ]
                // }
            }
        },
        "plan": "[split(concat(parameters('plan'), '//'), '/')]",
        "planHasValue": "[length(take(parameters('plan'), 1))]",
        "convertToPlan": [
            null,
            {
                "publisher": "[variables('plan')[0]]",
                "product": "[variables('plan')[1]]",
                "name": "[variables('plan')[2]]"
            }
        ]
    },
    "resources": [
        {
            "apiVersion": "2016-04-30-preview",
            "type": "Microsoft.Compute/virtualMachines",
            "name": "[parameters('name')]",
            "location": "[parameters('location')]",
            "tags": {
                "template": "[concat(split(split(deployment().properties.templateLink.uri,'/')[5],'.')[0],'@',split(deployment().properties.templateLink.uri,'/')[4])]",
                "description": "[parameters('description')]"
            },
            "properties": {
                "availabilitySet": "[variables('convertToAvailabilitySet')[variables('availabilitySetHasValue')]]",
                "hardwareProfile": {
                    "vmSize": "[parameters('size')]"
                },
                "osProfile": {
                    "computerName": "[parameters('name')]",
                    "adminUsername": "[parameters('adminUsername')]",
                    "adminPassword": "[parameters('adminPassword')]",
                    "windowsConfiguration": "[variables('convertToWindowsConfiguration')[toLower(parameters('operatingSystem'))]]",
                    "linuxConfiguration": "[variables('convertToLinuxConfiguration')[toLower(parameters('operatingSystem'))]]"
                },
                "storageProfile": {
                    "imageReference": "[variables('imageReference')]"
                },
                "networkProfile": {
                    "networkInterfaces": [
                        {
                            "id": "[resourceId('Microsoft.Network/networkInterfaces', parameters('networkInterface'))]"
                        }
                    ]
                },
                "diagnosticsProfile": {
                    "bootDiagnostics": {
                        "enabled": true,
                        "storageUri": "[concat('http://',parameters('diagnosticsStorageAccount'),'.blob.core.windows.net')]"
                    }
                }
            },
            "plan": "[variables('convertToPlan')[variables('planHasValue')]]"
        }
    ]
}