{
    "$schema": "https://schema.management.azure.com/schemas/2015-01-01/deploymentTemplate.json#",
    "contentVersion": "2.0.0",
  "parameters": {
    "name": {
      "type": "string",
      "metadata": {
        "description": "name of the resource"
      }
    },
    "description": {
      "type": "string",
      "metadata": {
        "description": "description for the machine"
      }
    },
    "recoveryVaultPolicy": {
        "type": "string",
        "allowedValues": [
            "Default",
            "Exclude"
        ],
        "defaultValue": "Default",
        "metadata": {
            "description": "recovery vault policy for the vm to be enrolled in, default will be used if not present"
        }
    },
    "location": {
      "type": "string",
      "defaultValue": "[resourceGroup().location]",
      "metadata": {
        "description": "location of the resource"
      }
    },
    "operatingSystem": {
      "type": "string",
      "allowedValues": [
        "Windows",
        "Linux"
      ],
      "defaultValue": "Windows",
      "metadata": {
        "description": "operating system (Windows, Linux)"
      }
    },
    "image": {
      "type": "string",
      "metadata": {
        "description": "platform/marketplace image (e.g. MicrosoftWindowsServer/WindowsServer/2012-R2-Datacenter) format: {publisher}/{offer}/{sku}/{version} (version defaults to 'latest' if omitted)"
      }
    },
    "size": {
      "type": "string",
      "defaultValue": "Basic_A1",
      "metadata": {
        "description": "performance level"
      }
    },
    "storageAccount": {
      "type": "string",
      "metadata": {
        "description": "storage account for all disks"
      }
    },
    "ipAddress": {
      "type": "string",
      "defaultValue": "",
      "metadata": {
        "description": "IP address for interface (blank = auto assigned)"
      }
    },
    "enableIPForwarding": {
      "type": "bool",
      "defaultValue": false,
      "metadata": {
        "description": "enables ip forwarding for the network interface created for this vm"
      }
    },
    "loadBalancerPool": {
      "type": "string",
      "defaultValue": "",
      "metadata": {
        "description": "load balancer pool to put interface in (optional) format: {load-balancer-name}/{pool-name}"
      }
    },
    "dnsServers": {
      "type": "array",
      "defaultValue": [ ],
      "metadata": {
        "description": "list of DNS servers (optional array of strings)"
      }
    },
    "availabilitySet": {
      "type": "string",
      "defaultValue": "",
      "metadata": {
        "description": "availability set for fault tolerance (optional)"
      }
    },
    "osDiskSize": {
      "type": "int",
      "defaultValue": 0,
      "metadata": {
        "description": "operating system disk size in GB (0 = use marketplace image size)"
      }
    },
    "dataDiskCount": {
      "type": "int",
      "defaultValue": 0,
      "metadata": {
        "description": "number of data (non-os) disks"
      }
    },
    "dataDiskSize": {
      "type": "int",
      "defaultValue": 128,
      "metadata": {
        "description": "data (non-os) disk size in GB"
      }
    },
    "networkSecurityGroup": {
      "type": "string",
      "defaultValue": "",
      "metadata": {
        "description": "network security group to use (optionally resource group name prefix) format: {resource-group}/{nsg}"
      }
    },
    "diagnosticsStorageAccount": {
      "type": "string",
      "defaultValue": "[parameters('storageAccount')]",
      "metadata": {
        "description": "storage account for diagnostics (defaults to storage account for disks)"
      }
    },
    "plan": {
      "type": "string",
      "defaultValue": "",
      "metadata": {
        "description": "marketplace plan (optional - only used by certain marketplace images) format: {publisher}/{product}/{name}/"
      }
    },
    "joinDomain": {
      "type": "bool",
      "defaultValue": true,
      "metadata": {
        "description": "whether to domain join the machine (optional - defaults to true)"
      }
    },
    "enableOMS": {
      "type": "bool",
      "defaultValue": true,
      "metadata": {
        "description": "whether to install OMS extension (optional - defaults to true)"
      }
    },
    "enableDiagnostics": {
      "type": "bool",
      "defaultValue": false,
      "metadata": {
        "description": "whether to install diagnostics extension (optional - defaults to false)"
      }
    },
    "enableAntimalware": {
      "type": "bool",
      "defaultValue": false,
      "metadata": {
        "description": "whether to install antimalware extension (optional - defaults to false)"
      }
    },
    "enableAgents": {
      "type": "bool",
      "defaultValue": true,
      "metadata": {
        "description": "whether to install required agents (optional - defaults to true)"
      }
    }
  },
  "variables": {
    "apiVersion": "2016-06-01",
    "vmName": "[parameters('name')]",
    "SharedTemplateSAS": "[concat('?',split(deployment().properties.templateLink.uri,'?')[1])]",
    "convertToMaxPasswordLength": {
      "Windows": 127,
      "Linux": 72
    },
    "Subnet": "[resourceGroup().tags.Subnet]",
    "maxPasswordLength": "[variables('convertToMaxPasswordLength')[parameters('operatingSystem')]]",
    "nicName": "[concat(variables('vmName'), '-nic')]",
    "convertToDiagnosticsTemplate": {
      "true": "[concat(toLower(parameters('operatingSystem')), '-diagnostics.json')]",
      "false": "empty.json"
    },
    "diagnosticsTemplate": "[variables('convertToDiagnosticsTemplate')[string(parameters('enableDiagnostics'))]]",
    "convertToDiagnosticsParams": {
      "true": {
        "vm": { "value": "[variables('vmName')]" },
        "location": { "value": "[parameters('location')]" },
        "storageAccount": { "value": "[parameters('diagnosticsStorageAccount')]" }
      },
      "false": { }
    },
    "diagnosticsParams": "[variables('convertToDiagnosticsParams')[string(parameters('enableDiagnostics'))]]",
    "convertToJoinDomainTemplate": {
      "Windows": {
        "true": "windows-join-domain.json",
        "false": "empty.json"
      },
      "Linux": {
        "true": "empty.json",
        "false": "empty.json"
      }
    },
    "joinDomainTemplate": "[variables('convertToJoinDomainTemplate')[parameters('operatingSystem')][string(parameters('joinDomain'))]]",
    "convertToJoinDomainParams": {
      "Windows": {
        "true": {
          "vm": { "value": "[variables('vmName')]" },
          "location": { "value": "[parameters('location')]" }
        },
        "false": { }
      },
      "Linux": {
        "true": { },
        "false": { }
      }
    },
    "joinDomainParams": "[variables('convertToJoinDomainParams')[parameters('operatingSystem')][string(parameters('joinDomain'))]]",
    "convertToAntimalwareTemplate": {
      "Windows": {
        "true": "windows-antimalware.json",
        "false": "empty.json"
      },
      "Linux": {
        "true": "empty.json",
        "false": "empty.json"
      }
    },
    "antimalwareTemplate": "[variables('convertToAntimalwareTemplate')[parameters('operatingSystem')][string(parameters('enableAntimalware'))]]",
    "convertToAntimalwareParams": {
      "Windows": {
        "true": {
          "vm": { "value": "[variables('vmName')]" },
          "location": { "value": "[parameters('location')]" }
        },
        "false": { }
      },
      "Linux": {
        "true": { },
        "false": { }
      }
    },
    "antimalwareParams": "[variables('convertToAntimalwareParams')[parameters('operatingSystem')][string(parameters('enableAntimalware'))]]",
    "convertToOMSTemplate": {
      "true": "OMS-Extension.json",
      "false": "empty.json"
    },
    "OMSTemplate": "[variables('convertToOMSTemplate')[string(parameters('enableOMS'))]]",
    "convertToOMSParams": {
      "true": {
        "vm": { "value": "[variables('vmName')]" },
        "location": { "value": "[parameters('location')]" },
        "operatingSystem": { "value": "[parameters('operatingSystem')]" }
      },
      "false": { }
    },
    "OMSParams": "[variables('convertToOMSParams')[string(parameters('enableOMS'))]]",
    "convertToAgentTemplate": {
      "Windows": {
        "true": "windows-agents.json",
        "false": "empty.json"
      },
      "Linux": {
        "true": "linux-agents.json",
        "false": "empty.json"
      }
    },
    "agentTemplate": "[variables('convertToAgentTemplate')[parameters('operatingSystem')][string(parameters('enableAgents'))]]",
    "convertToAgentParams": {
      "true": {
        "vm": { "value": "[variables('vmName')]" },
        "location": { "value": "[parameters('location')]" }
      },
      "false": { }
    },
    "agentParams": "[variables('convertToAgentParams')[string(parameters('enableAgents'))]]"
  },
  "resources": [
    {
      "apiVersion": "[variables('apiVersion')]",
      "type": "Microsoft.Resources/deployments",
      "name": "[take(concat(deployment().name, '-nic'), 64)]",
      "dependsOn": [ ],
      "properties": {
        "templateLink": {
          "uri": "[concat(uri(deployment().properties.templateLink.uri, 'network-interface.json'), variables('SharedTemplateSAS'))]"
        },
        "parameters": {
          "name": { "value": "[variables('nicName')]" },
          "location": { "value": "[parameters('location')]" },
          "subnet": { "value": "[variables('subnet')]" },
          "ipAddress": { "value": "[parameters('ipAddress')]" },
          "enableIPForwarding": { "value": "[parameters('enableIPForwarding')]" },
          "networkSecurityGroup": { "value": "[parameters('networkSecurityGroup')]" },
          "loadBalancerPool": { "value": "[parameters('loadBalancerPool')]" },
          "dnsServers": { "value": "[parameters('dnsServers')]" }
        },
        "mode": "incremental"
      }
    },
    {
      "apiVersion": "[variables('apiVersion')]",
      "type": "Microsoft.Resources/deployments",
      "name": "[take(concat(deployment().name, '-internal'), 64)]",
      "dependsOn": [ "[take(concat(deployment().name, '-nic'), 64)]" ],
      "properties": {
        "templateLink": {
          "uri": "[concat(uri(deployment().properties.templateLink.uri, 'virtual-machine-internal.json'), variables('SharedTemplateSAS'))]"
        },
        "parameters": {
          "name": { "value": "[variables('vmName')]" },
          "description": { "value": "[parameters('description')]" },
          "recoveryVaultPolicy": { "value": "[parameters('recoveryVaultPolicy')]" },
          "location": { "value": "[parameters('location')]" },
          "operatingSystem": { "value": "[parameters('operatingSystem')]" },
          "image": { "value": "[parameters('image')]" },
          "size": { "value": "[parameters('size')]" },
          "storageAccount": { "value": "[parameters('storageAccount')]" },
          "osDiskSize": { "value": "[parameters('osDiskSize')]" },
          "dataDiskCount": { "value": "[parameters('dataDiskCount')]" },
          "dataDiskSize": { "value": "[parameters('dataDiskSize')]" },
          "availabilitySet": { "value": "[parameters('availabilitySet')]" },
          "diagnosticsStorageAccount": { "value": "[parameters('diagnosticsStorageAccount')]" },
          "networkInterface": { "value": "[variables('nicName')]" },
          "adminUsername": { "value": "vm-admin" },
          "adminPassword": { "value": "[take(listKeys(resourceId('Microsoft.Storage/storageAccounts', parameters('storageAccount')), '2015-06-15').key1, variables('maxPasswordLength'))]" },
          "plan": { "value": "[parameters('plan')]" }
        },
        "mode": "incremental"
      }
    },
    {
      "apiVersion": "[variables('apiVersion')]",
      "type": "Microsoft.Resources/deployments",
      "name": "[take(concat(deployment().name, '-diagnostics'), 64)]",
      "dependsOn": [ "[take(concat(deployment().name, '-internal'), 64)]" ],
      "properties": {
        "templateLink": {
          "uri": "[concat(uri(deployment().properties.templateLink.uri, variables('diagnosticsTemplate')), variables('SharedTemplateSAS'))]"
        },
        "parameters": "[variables('diagnosticsParams')]",
        "mode": "incremental"
      }
    },
    {
      "apiVersion": "[variables('apiVersion')]",
      "type": "Microsoft.Resources/deployments",
      "name": "[take(concat(deployment().name, '-antimalware'), 64)]",
      "dependsOn": [ "[take(concat(deployment().name, '-internal'), 64)]" ],
      "properties": {
        "templateLink": {
          "uri": "[concat(uri(deployment().properties.templateLink.uri, variables('antimalwareTemplate')), variables('SharedTemplateSAS'))]"
        },
        "parameters": "[variables('antimalwareParams')]",
        "mode": "incremental"
      }
    },
    {
      "apiVersion": "[variables('apiVersion')]",
      "type": "Microsoft.Resources/deployments",
      "name": "[take(concat(deployment().name, '-join-domain'), 64)]",
      "dependsOn": [
        "[take(concat(deployment().name, '-internal'), 64)]",
        "[take(concat(deployment().name, '-diagnostics'), 64)]",
        "[take(concat(deployment().name, '-antimalware'), 64)]"
      ],
      "properties": {
        "templateLink": {
          "uri": "[concat(uri(deployment().properties.templateLink.uri, variables('joinDomainTemplate')), variables('SharedTemplateSAS'))]"
        },
        "parameters": "[variables('joinDomainParams')]",
        "mode": "incremental"
      }
    },
    {
      "apiVersion": "[variables('apiVersion')]",
      "type": "Microsoft.Resources/deployments",
      "name": "[take(concat(deployment().name, '-OMS'), 64)]",
      "dependsOn": [
        "[take(concat(deployment().name, '-internal'), 64)]",
        "[take(concat(deployment().name, '-diagnostics'), 64)]",
        "[take(concat(deployment().name, '-antimalware'), 64)]",
        "[take(concat(deployment().name, '-join-domain'), 64)]"
      ],
      "properties": {
        "templateLink": {
          "uri": "[concat(uri(deployment().properties.templateLink.uri, variables('OMSTemplate')), variables('SharedTemplateSAS'))]"
        },
        "parameters": "[variables('OMSParams')]",
        "mode": "incremental"
      }
    },
    {
      "apiVersion": "[variables('apiVersion')]",
      "type": "Microsoft.Resources/deployments",
      "name": "[take(concat(deployment().name, '-agents'), 64)]",
      "dependsOn": [
        "[take(concat(deployment().name, '-internal'), 64)]",
        "[take(concat(deployment().name, '-diagnostics'), 64)]",
        "[take(concat(deployment().name, '-antimalware'), 64)]",
        "[take(concat(deployment().name, '-join-domain'), 64)]",
        "[take(concat(deployment().name, '-OMS'), 64)]"
      ],
      "properties": {
        "templateLink": {
          "uri": "[concat(uri(deployment().properties.templateLink.uri, variables('agentTemplate')), variables('SharedTemplateSAS'))]"
        },
        "parameters": "[variables('agentParams')]",
        "mode": "incremental"
      }
    }
  ]
}