{
    "$schema": "https://schema.management.azure.com/schemas/2015-01-01/deploymentTemplate.json#",
    "contentVersion": "2.0.0",
    "parameters": {
        "vm": {
            "type": "string",
            "metadata": {
                "description": "name of a virtual machine"
            }
        },
        "location": {
            "type": "string",
            "defaultValue": "[resourceGroup().location]",
            "metadata": {
                "description": "location of the resource"
            }
        }
    },
  "variables": {
    "apiVersion": "2016-06-01",
    "domainId": "[split(resourceGroup().tags.NamingPrefix, 'AZ')[0]]",
    "SharedTemplateSAS": "[concat('?',split(deployment().properties.templateLink.uri,'?')[1])]"
  },
    "resources": [
        {
            "apiVersion": "[variables('apiVersion')]",
            "type": "Microsoft.Resources/deployments",
            "name": "[take(concat(deployment().name, '-internal'), 64)]",
            "dependsOn": [],
            "properties": {
              "templateLink": {
                "uri": "[concat(uri(deployment().properties.templateLink.uri, 'windows-join-domain-internal.json'),variables('SharedTemplateSAS'))]"
              },
                "parameters": {
                    "vm": { "value": "[parameters('vm')]" },
                    "location": { "value": "[parameters('location')]" },
                    "domain": {
                      "reference": {
                        "keyVault": {
                          "id": "[resourceGroup().tags.ProvisioningKeyVault]"
                        },
                        "secretName": "[concat(variables('domainId'), '-VmDomainName')]"
                      }
                    },
                    "ouPath": {
                      "reference": {
                        "keyVault": {
                          "id": "[resourceGroup().tags.ProvisioningKeyVault]"
                        },
                        "secretName": "[concat(variables('domainId'), '-VmDomainOuPath')]"
                      }
                    },
                    "domainUsername": {
                      "reference": {
                        "keyVault": {
                          "id": "[resourceGroup().tags.ProvisioningKeyVault]"
                        },
                        "secretName": "[concat(variables('domainId'), '-VmDomainUsername')]"
                      }
                    },
                    "domainPassword": {
                      "reference": {
                        "keyVault": {
                          "id": "[resourceGroup().tags.ProvisioningKeyVault]"
                        },
                        "secretName": "[concat(variables('domainId'), '-VmDomainPassword')]"
                      }
                    }
                },
                "mode": "incremental"
            }
        }
    ]
}