{
    "$schema": "https://schema.management.azure.com/schemas/2015-01-01/deploymentTemplate.json#",
    "contentVersion": "2.0.0",
    "parameters": {
        "vm": {
            "type": "string",
            "metadata": {
                "description": "name of a virtual machine"
            }
        },
        "location": {
            "type": "string",
            "defaultValue": "[resourceGroup().location]",
            "metadata": {
                "description": "location of the resource"
            }
        },
        "domain": {
            "type": "string",
            "metadata": {
                "description": "domain to join"
            }
        },
        "ouPath": {
            "type": "string",
            "defaultValue": "",
            "metadata": {
                "description": "OU path for virtual machine"
            }
        },
        "domainUsername": {
            "type": "securestring",
            "metadata": {
                "description": "usename used to join domain"
            }
        },
        "domainPassword": {
            "type": "securestring",
            "metadata": {
                "description": "password used to join domain"
            }
        }
    },
    "variables": {
        "apiVersion": "2015-06-15"
    },
    "resources": [
        {
            "apiVersion": "[variables('apiVersion')]",
            "type": "Microsoft.Compute/virtualMachines/extensions",
            "name": "[concat(parameters('vm'),'/JsonADDomainExtension')]",
            "location": "[parameters('location')]",
            "tags": {
                "template": "[concat(split(split(deployment().properties.templateLink.uri,'/')[5],'.')[0],'@',split(deployment().properties.templateLink.uri,'/')[4])]"
            },
            "properties": {
                "publisher": "Microsoft.Compute",
                "type": "JsonADDomainExtension",
                "typeHandlerVersion": "1.3",
                "settings": {
                  "Name": "[parameters('domain')]",
                  "OUPath" : "[parameters('ouPath')]",
                  "User": "[parameters('domainUsername')]",
                  "Restart": "true",
                  "Options": 3
                },
                "protectedsettings": {
                    "Password": "[parameters('domainPassword')]"
                }
            }
        }
    ]
}