{
  "$schema": "https://schema.management.azure.com/schemas/2015-01-01/deploymentTemplate.json#",
  "contentVersion": "2.0.0",
  "parameters": {
    "vm": {
      "type": "string",
      "metadata": {
        "description": "name of a virtual machine"
      }
    },
    "location": {
      "type": "string",
      "defaultValue": "[resourceGroup().location]",
      "metadata": {
        "description": "location of the resource"
      }
    },
    "omsWorkspaceId": {
      "type": "string",
      "metadata": {
        "description": "Workspace ID of OMS"
      }
    },
    "omsWorkspaceKey": {
      "type": "securestring",
      "metadata": {
        "description": "Key for OMS Workspace"
      }
    },
    "domain": {
      "type": "string",
      "metadata": {
        "description": "domain to join"
      }
    },
    "ouPath": {
      "type": "string",
      "defaultValue": "",
      "metadata": {
        "description": "OU path for virtual machine"
      }
    },
    "domainUsername": {
      "type": "securestring",
      "metadata": {
        "description": "usename used to join domain"
      }
    },
    "domainPassword": {
      "type": "securestring",
      "metadata": {
        "description": "password used to join domain"
      }
    },
    "joinDomain": {
      "type": "bool",
      "defaultValue": true,
      "metadata": {
        "description": "whether to domain join the machine (optional - defaults to true)"
      }
    },
    "enableOMS": {
      "type": "bool",
      "defaultValue": true,
      "metadata": {
        "description": "whether to install OMS extension (optional - defaults to true)"
      }
    },
    "enableAgents": {
      "type": "bool",
      "defaultValue": true,
      "metadata": {
        "description": "whether to install required agents (optional - defaults to true)"
      }
    }
  },
  "variables": {
    "baseUri": "[concat(split(deployment().properties.templateLink.uri, '/templates/')[0], '/')]",
    "sasToken": "[concat('?', split(deployment().properties.templateLink.uri, '?')[1])]",
    "namePrefix": "[resourceGroup().tags.NamingPrefix]",
    "adminGroupPrefix": "SA-S-AZR1"
  },
  "resources": [
    {
      "condition": "[parameters('enableOMS')]",
      "apiVersion": "2016-03-30",
      "type": "Microsoft.Compute/virtualMachines/extensions",
      "name": "[concat(parameters('vm'),'/MicrosoftMonitoringAgent')]",
      "location": "[parameters('location')]",
      "dependsOn": [
        "[concat('Microsoft.Compute/virtualMachines/',parameters('vm'),'/extensions/JsonADDomainExtension')]"
      ],
      "tags": {
        "template": "[concat(split(split(deployment().properties.templateLink.uri,'/')[5],'.')[0],'@',split(deployment().properties.templateLink.uri,'/')[4])]"
      },
      "properties": {
        "publisher": "Microsoft.EnterpriseCloud.Monitoring",
        "type": "MicrosoftMonitoringAgent",
        "typeHandlerVersion": "1.0",
        "autoUpgradeMinorVersion": true,
        "settings": {
          "workspaceId": "[parameters('omsWorkspaceId')]"
        },
        "protectedSettings": {
          "workspaceKey": "[parameters('omsWorkspaceKey')]"
        }
      }
    },
    {
      "condition": "[parameters('enableOMS')]",
      "type": "Microsoft.Compute/virtualMachines/extensions",
      "name": "[concat(parameters('vm'),'/DependencyAgent')]",
      "apiVersion": "2018-06-01",
      "location": "[parameters('location')]",
      "dependsOn": [
        "[concat('Microsoft.Compute/virtualMachines/',parameters('vm'),'/extensions/JsonADDomainExtension')]",
        "[concat('Microsoft.Compute/virtualMachines/',parameters('vm'),'/extensions/MicrosoftMonitoringAgent')]"
      ],
      "tags": {
        "template": "[concat(split(split(deployment().properties.templateLink.uri,'/')[5],'.')[0],'@',split(deployment().properties.templateLink.uri,'/')[4])]"
      },
      "properties": {
        "publisher": "Microsoft.Azure.Monitoring.DependencyAgent",
        "type": "DependencyAgentWindows",
        "typeHandlerVersion": "9.7",
        "autoUpgradeMinorVersion": true
      }
    },
    {
      "condition": "[parameters('joinDomain')]",
      "apiVersion": "2015-06-15",
      "type": "Microsoft.Compute/virtualMachines/extensions",
      "name": "[concat(parameters('vm'),'/JsonADDomainExtension')]",
      "location": "[parameters('location')]",
      "dependsOn": [],
      "tags": {
        "template": "[concat(split(split(deployment().properties.templateLink.uri,'/')[5],'.')[0],'@',split(deployment().properties.templateLink.uri,'/')[4])]"
      },
      "properties": {
        "publisher": "Microsoft.Compute",
        "type": "JsonADDomainExtension",
        "typeHandlerVersion": "1.3",
        "settings": {
          "Name": "[parameters('domain')]",
          "OUPath": "[parameters('ouPath')]",
          "User": "[parameters('domainUsername')]",
          "Restart": "true",
          "Options": 3
        },
        "protectedsettings": {
          "Password": "[parameters('domainPassword')]"
        }
      }
    },
    {
      "condition": "[parameters('enableAgents')]",
      "apiVersion": "2015-06-15",
      "type": "Microsoft.Compute/virtualMachines/extensions",
      "name": "[concat(parameters('vm'),'/agents')]",
      "location": "[parameters('location')]",
      "dependsOn": [
        "[concat('Microsoft.Compute/virtualMachines/',parameters('vm'),'/extensions/MicrosoftMonitoringAgent')]"
      ],
      "tags": {
        "template": "[concat(split(split(deployment().properties.templateLink.uri,'/')[5],'.')[0],'@',split(deployment().properties.templateLink.uri,'/')[4])]"
      },
      "properties": {
        "publisher": "Microsoft.Compute",
        "type": "CustomScriptExtension",
        "typeHandlerVersion": "1.9",
        "settings": {
          "fileUris": [
            "[concat(variables('baseUri'), 'agents/McAfeeAgent-5.0.6.220.exe', variables('sasToken'))]",
            "[concat(variables('baseUri'), 'deploymentscripts/WindowsScriptExt.ps1', variables('sasToken'))]"
          ],
          "commandToExecute": "[concat('powershell -ExecutionPolicy Unrestricted -NonInteractive -File WindowsScriptExt.ps1', ' ', variables('namePrefix'), ' ', parameters('domain'), ' ', variables('adminGroupPrefix'))]"
        },
        "protectedsettings": {}
      }
    },
    {
      "apiVersion": "2017-03-30",
      "type": "Microsoft.Compute/virtualMachines/extensions",
      "name": "[concat(parameters('vm'),'/BGInfo')]",
      "location": "[parameters('location')]",
      "properties": {
        "publisher": "Microsoft.Compute",
        "type": "BGInfo",
        "typeHandlerVersion": "2.1",
        "settings": {
          "Properties": [
          ]
        }
      }
    }
  ]
}