{
  "$schema": "https://schema.management.azure.com/schemas/2015-01-01/deploymentTemplate.json#",
  "contentVersion": "2.0.0",
  "parameters": {
    "vm": {
      "type": "string",
      "metadata": {
        "description": "name of a virtual machine"
      }
    },
    "location": {
      "type": "string",
      "defaultValue": "[resourceGroup().location]",
      "metadata": {
        "description": "location of the resource"
      }
    },
    "omsWorkspaceId": {
      "type": "string",
      "metadata": {
        "description": "Workspace ID of OMS"
      }
    },
    "omsWorkspaceKey": {
      "type": "securestring",
      "metadata": {
        "description": "Key for OMS Workspace"
      }
    },
    "joinDomain": {
      "type": "bool",
      "defaultValue": true,
      "metadata": {
        "description": "whether to domain join the machine (optional - defaults to true)"
      }
    },
    "enableOMS": {
      "type": "bool",
      "defaultValue": true,
      "metadata": {
        "description": "whether to install OMS extension (optional - defaults to true)"
      }
    },
    "enableAgents": {
      "type": "bool",
      "defaultValue": true,
      "metadata": {
        "description": "whether to install required agents (optional - defaults to true)"
      }
    },
    "domainJoinUser": {
      "type": "securestring",
      "metadata": {
        "description": "Active Directory account used to join Linux VMs to the domain"
      }
    },
    "domainJoinPassword": {
      "type": "securestring",
      "metadata": {
        "description": "Password of Active Directory account used to join Linux VMs to the domain"
      }
    }
  },
  "variables": {
    "baseUri": "[concat(split(deployment().properties.templateLink.uri, '/templates/')[0], '/')]",
    "env": "[take(concat(deployment().name, '-environment'), 64)]",
    "sasToken": "[concat('?',split(deployment().properties.templateLink.uri,'?')[1])]"
  },
  "resources": [
    {
      "apiVersion": "2016-06-01",
      "type": "Microsoft.Resources/deployments",
      "name": "[variables('env')]",
      "dependsOn": [],
      "properties": {
        "templateLink": {
          "uri": "[concat(uri(deployment().properties.templateLink.uri, 'environment.json'), variables('sasToken'))]"
        },
        "mode": "incremental"
      }
    },
    {
      "condition": "[parameters('enableOMS')]",
      "apiVersion": "2017-03-30",
      "type": "Microsoft.Compute/virtualMachines/extensions",
      "name": "[concat(parameters('vm'),'/OMSExtension')]",
      "location": "[parameters('location')]",
      "dependsOn": [],
      "tags": {
        "template": "[concat(split(split(deployment().properties.templateLink.uri,'/')[5],'.')[0],'@',split(deployment().properties.templateLink.uri,'/')[4])]"
      },
      "properties": {
        "publisher": "Microsoft.EnterpriseCloud.Monitoring",
        "type": "OmsAgentForLinux",
        "typeHandlerVersion": "1.0",
        "settings": {
          "workspaceId": "[parameters('omsWorkspaceId')]"
        },
        "protectedSettings": {
          "workspaceKey": "[parameters('omsWorkspaceKey')]"
        }
      }
    },
    {
      "condition": "[parameters('enableOMS')]",
      "type": "Microsoft.Compute/virtualMachines/extensions",
      "name": "[concat(parameters('vm'),'/DependencyAgent')]",
      "apiVersion": "2018-06-01",
      "location": "[parameters('location')]",
      "dependsOn": [
        "[concat('Microsoft.Compute/virtualMachines/',parameters('vm'),'/extensions/OMSExtension')]"
      ],
      "tags": {
        "template": "[concat(split(split(deployment().properties.templateLink.uri,'/')[5],'.')[0],'@',split(deployment().properties.templateLink.uri,'/')[4])]"
      },
      "properties": {
        "publisher": "Microsoft.Azure.Monitoring.DependencyAgent",
        "type": "DependencyAgentLinux",
        "typeHandlerVersion": "9.7",
        "autoUpgradeMinorVersion": true
      }
    },
    {
      "apiVersion": "2015-06-15",
      "type": "Microsoft.Compute/virtualMachines/extensions",
      "name": "[concat(parameters('vm'),'/agents')]",
      "location": "[parameters('location')]",
      "dependsOn": [
        "[concat('Microsoft.Compute/virtualMachines/',parameters('vm'),'/extensions/OMSExtension')]",
        "[variables('env')]"
      ],
      "tags": {
        "template": "[concat(split(split(deployment().properties.templateLink.uri,'/')[5],'.')[0],'@',split(deployment().properties.templateLink.uri,'/')[4])]"
      },
      "properties": {
        "publisher": "Microsoft.Azure.Extensions",
        "type": "CustomScript",
        "typeHandlerVersion": "2.0",
        "settings": {
          "fileUris": [
            "[concat(variables('baseUri'), 'deploymentscripts/LinuxScriptExt.sh', variables('sasToken'))]",
            "[concat(variables('baseUri'), 'deploymentscripts/LinuxJoinDomain.sh', variables('sasToken'))]"
          ]
        },
        "protectedsettings": {
          "commandToExecute": "[concat('./LinuxScriptExt.sh ''', string(parameters('enableAgents')), ''' ''', string(parameters('joinDomain')), ''' ''', reference(variables('env')).outputs.domainName.value, ''' ''', reference(variables('env')).outputs.domainController.value, ''' ''', parameters('domainJoinUser'), ''' ''', parameters('domainJoinPassword'), ''' ''', reference(variables('env')).outputs.domainOuPath.value, ''' ''', reference(variables('env')).outputs.domainSite.value, ''' ''', reference(variables('env')).outputs.domainSecurityGroup.value, ''' ''', string(reference(variables('env')).outputs.domainIdMapping.value), '''')]"
        }
      }
    }
  ]
}