{
    "$schema": "https://schema.management.azure.com/schemas/2015-01-01/deploymentTemplate.json#",
    "contentVersion": "2.0.0",
  "parameters": {
    "vmname": {
      "type": "string",
      "metadata": {
        "description": "name of the resource"
      }
    },
    "location": {
      "type": "string",
      "defaultValue": "[resourceGroup().location]",
      "metadata": {
        "description": "location of the resource"
      }
    },
    "dataDisks": {
      "type": "array",
      "defaultValue": [
        {
          "diskSizeGB": 32,
          "diskType": "Standard_LRS",
          "caching": "none"
        }
      ],
      "metadata": {
        "description": "array of Data Disks"
      }
    }
  },
  "variables": {
  },
  "resources": [
    {
      "apiVersion": "2016-04-30-preview",
      "type": "Microsoft.Compute/virtualMachines",
      "name": "[parameters('vmName')]",
      "location": "[parameters('location')]",
      "properties": {
        "storageProfile": {
          "copy": [
            {
              "name": "dataDisks",
              "count": "[length(parameters('dataDisks'))]",
              "input": {
                "lun": "[copyIndex('dataDisks')]",
                "name": "[concat(parameters('vmname'),'-datadisk',copyIndex('dataDisks',1))]",
                "createOption": "Empty",
                "diskSizeGB": "[parameters('dataDisks')[copyIndex('dataDisks')].diskSizeGB]",
                "caching": "[parameters('dataDisks')[copyIndex('dataDisks')].caching]",
                "managedDisk": {
                  "storageAccountType": "[parameters('dataDisks')[copyIndex('dataDisks')].diskType]"
                }
              }
            }
          ]
        }
      }
    }
  ]
}