{
    "$schema": "http://schema.management.azure.com/schemas/2014-04-01-preview/deploymentTemplate.json#",
    "contentVersion": "1.0.0.0",
    "parameters": {     
        "administratorLoginPassword": {
            "type": "securestring",
            "minLength":8,
            "maxLength":128,
            "metadata":{  
               "description":"Database administrator password"
            }
        },
         "ipRangesAllowed": {
            "type": "array",
            "metadata": {
                "description": "IP addresses allowed access"
            }
        },
        "location": {
            "type": "string",
            "metadata": {
                "description": "Location for the resource"
            }
        },
        "name": {
            "type": "string",
            "metadata": {
                "description": "MySQL server name"
            }
        },
        "DTUs": {
            "type": "int",
             "defaultValue":50,
             "metadata":{  
                "description":"Azure database for MySQL pricing tier (example values 50, 100)"
             }
        },
        "skuSizeMB": {
            "type": "int",
             "defaultValue":51200,
             "metadata":{  
                "description":"Azure database for MySQL Sku Size (example values 51200, 102400)"
             }
        },
        "pricingTier": {
            "type": "string",
             "defaultValue":"Basic",
             "metadata":{  
                "description":"Azure database for MySQL pricing tier (example values Basic, Standard)"
             }
        },
        "version": {
            "type": "string",
             "metadata":{  
                "description":"MySQL version (example values 5.6, 5.7)"
             }
        }
    },
    "variables": {
        "apiVersion": "2017-04-30-preview",
        "skuNamePrefix": "MYSQLDB"
    },
    "resources": [
        {
            "apiVersion": "[variables('apiVersion')]",
            "kind": "",
            "location": "[parameters('location')]",
            "name": "[parameters('name')]",
            "properties": {
                "version": "[parameters('version')]",
                "administratorLogin": "sql-admin",
                "administratorLoginPassword": "[parameters('administratorLoginPassword')]",
                "storageMB": "[parameters('skuSizeMB')]"
            },
            "sku": {
                "name": "[concat(variables('skuNamePrefix'), parameters('DTUs'))]",
                "tier": "[parameters('pricingTier')]",
                "capacity": "[parameters('DTUs')]",
                "size": "[parameters('skuSizeMB')]",
                "family": "SkuFamily"
            },
            "tags": {
                "template": "[concat(split(split(deployment().properties.templateLink.uri,'/')[5],'.')[0],'@',split(deployment().properties.templateLink.uri,'/')[4])]"
              },
            "type": "Microsoft.DBforMySQL/servers"           
        },
        {  
            "type":"Microsoft.DBforMySQL/servers/firewallrules",
            "apiVersion":"[variables('apiVersion')]",
            "dependsOn":[  
                 "[concat('Microsoft.DBforMySQL/servers/', parameters('name'))]"
            ],
            "location":"[parameters('location')]",
            "name": "[concat(parameters('name'),'/allow-ip-', copyIndex())]",
            "copy": {
                 "name": "firewall-rules",
                 "count": "[length(parameters('ipRangesAllowed'))]"
           },
            "properties":{  
               "startIpAddress": "[parameters('ipRangesAllowed')[copyindex()].startIpAddress]",
               "endIpAddress": "[parameters('ipRangesAllowed')[copyindex()].endIpAddress]"
            }       
         }
    ]
}