{
    "$schema": "https://schema.management.azure.com/schemas/2015-01-01/deploymentTemplate.json#",
    "contentVersion": "2.0.0",
  "parameters": {
    "name": {
      "type": "string",
      "metadata": {
        "description": "name of the resource"
      }
    },
    "description": {
      "type": "string",
      "metadata": {
        "description": "description for the machine"
      }
    },
    "recoveryVaultPolicy": {
      "type": "string",
      "allowedValues": [
        "Default",
        "Exclude"
      ],
      "defaultValue": "Default",
      "metadata": {
        "description": "recovery vault policy for the vm to be enrolled in, default will be used if not present"
      }
    },
    "location": {
      "type": "string",
      "defaultValue": "[resourceGroup().location]",
      "metadata": {
        "description": "location of the resource"
      }
    },
    "operatingSystem": {
      "type": "string",
      "allowedValues": [
        "Windows",
        "Linux"
      ],
      "defaultValue": "Windows",
      "metadata": {
        "description": "operating system (Windows, Linux)"
      }
    },
    "image": {
      "type": "string",
      "metadata": {
        "description": "platform/marketplace image (e.g. MicrosoftWindowsServer/WindowsServer/2012-R2-Datacenter) format: {publisher}/{offer}/{sku}/{version} (version defaults to 'latest' if omitted)"
      }
    },
    "size": {
      "type": "string",
      "defaultValue": "Basic_A1",
      "metadata": {
        "description": "performance level"
      }
    },
    "ipAddress": {
      "type": "string",
      "defaultValue": "",
      "metadata": {
        "description": "IP address for interface (blank = auto assigned)"
      }
    },
    "enableIPForwarding": {
      "type": "bool",
      "defaultValue": false,
      "metadata": {
        "description": "enables ip forwarding for the network interface created for this vm"
      }
    },
    "loadBalancerPool": {
      "type": "string",
      "defaultValue": "",
      "metadata": {
        "description": "load balancer pool to put interface in (optional) format: {load-balancer-name}/{pool-name}"
      }
    },
    "dnsServers": {
      "type": "array",
      "defaultValue": [],
      "metadata": {
        "description": "list of DNS servers (optional array of strings)"
      }
    },
    "networkSecurityGroup": {
      "type": "string",
      "defaultValue": "",
      "metadata": {
        "description": "network security group to use (optionally resource group name prefix) format: {resource-group}/{nsg}"
      }
    },
    "availabilitySet": {
      "type": "string",
      "defaultValue": "",
      "metadata": {
        "description": "availability set for fault tolerance (optional)"
      }
    },
    "osDiskSize": {
      "type": "int",
      "defaultValue": 0,
      "metadata": {
        "description": "operating system disk size in GB (0 = use marketplace image size)"
      }
    },
    "dataDisks": {
      "type": "array",
      "defaultValue": [],
      "metadata": {
        "description": "array of Data Disks"
      }
    },
    "diagnosticsStorageAccount": {
      "type": "string",
      "defaultValue": "",
      "metadata": {
        "description": "storage account for diagnostics (defaults to storage account for disks)"
      }
    },
    "plan": {
      "type": "string",
      "defaultValue": "",
      "metadata": {
        "description": "marketplace plan (optional - only used by certain marketplace images) format: {publisher}/{product}/{name}/"
      }
    },
    "osDiskType": {
      "type": "string",
      "defaultValue": "Standard_LRS",
      "metadata": {
        "description": "Storage type for OS Disk (optional - defaults to Standard_LRS)"
      }
    },
    "joinDomain": {
      "type": "bool",
      "defaultValue": true,
      "metadata": {
        "description": "whether to domain join the machine (optional - defaults to true)"
      }
    },
    "enableOMS": {
      "type": "bool",
      "defaultValue": true,
      "metadata": {
        "description": "whether to install OMS extension (optional - defaults to true)"
      }
    },
    "enableAgents": {
      "type": "bool",
      "defaultValue": true,
      "metadata": {
        "description": "whether to install required agents (optional - defaults to true)"
      }
    },
    "enableHUB": {
      "type": "bool",
      "defaultValue": true,
      "metadata": {
        "description": "enable HUB licensing for windows VMs"
      }
    }
  },
  "variables": {
    "apiVersion": "2016-06-01",
    "vmName": "[parameters('name')]",
    "SharedTemplateSAS": "[concat('?',split(deployment().properties.templateLink.uri,'?')[1])]",
    "Subnet": "[resourceGroup().tags.Subnet]",
    "PrivateIpConfiguration": {
      "True": {
        "privateIPAddress": null,
        "privateIPAllocationMethod": "Dynamic"
      },
      "False": {
        "privateIPAddress": "[parameters('ipAddress')]",
        "privateIPAllocationMethod": "Static"
      }
    },
    "nsg": {
      "True": null,
      "False": {
        "id": "[resourceId('Microsoft.Network/networkSecurityGroups', parameters('networkSecurityGroup'))]"
      }
    },
    "loadBalancerPool": "[split(concat(parameters('loadBalancerPool'), '/'), '/')]",
    "LoadBalancerBackendAddressPools": {
      "True": null,
      "False": [
        { "id": "[resourceId('Microsoft.Network/loadBalancers/backendAddressPools', variables('loadBalancerPool')[0], variables('loadBalancerPool')[1])]" }
      ]
    },
    "DnsSettings": {
      "True": null,
      "False": {
        "dnsServers": "[parameters('dnsServers')]"
      }
    },
    "nicName": "[concat(variables('vmName'), '-nic')]",
    "domainId": "[split(resourceGroup().tags.NamingPrefix, 'AZ')[0]]",
    "DataDiskDeployment": {
      "true": false,
      "false": true
    }   
  },
  "resources": [
    {
      "apiVersion": "2016-03-30",
      "type": "Microsoft.Network/networkInterfaces",
      "name": "[variables('nicName')]",
      "location": "[parameters('location')]",
      "tags": {
        "template": "[concat(split(split(deployment().properties.templateLink.uri,'/')[5],'.')[0],'@',split(deployment().properties.templateLink.uri,'/')[4])]"
      },
      "properties": {
        "networkSecurityGroup": "[variables('nsg')[string(empty(parameters('networkSecurityGroup')))]]",
        "ipConfigurations": [
          {
            "name": "[concat(parameters('name'), '-ip')]",
            "properties": {
              "privateIPAddress": "[variables('privateIpConfiguration')[string(empty(parameters('ipAddress')))].privateIPAddress]",
              "privateIPAllocationMethod": "[variables('privateIpConfiguration')[string(empty(parameters('ipAddress')))].privateIPAllocationMethod]",
              "subnet": {
                "id": "[variables('subnet')]"
              },
              "loadBalancerBackendAddressPools": "[variables('LoadBalancerBackendAddressPools')[string(empty(parameters('loadBalancerPool')))]]"
            }
          }
        ],
        "dnsSettings": "[variables('DnsSettings')[string(empty(parameters('dnsServers')))]]",
        "enableIPForwarding": "[parameters('enableIPForwarding')]"
      }
    },
    {
      "apiVersion": "[variables('apiVersion')]",
      "type": "Microsoft.Resources/deployments",
      "name": "[take(concat(deployment().name, '-internal'), 64)]",
      "dependsOn": [ "[concat('Microsoft.Network/networkInterfaces/', variables('nicName'))]" ],
      "properties": {
        "templateLink": {
          "uri": "[concat(uri(deployment().properties.templateLink.uri, 'virtual-machine-internal.json'), variables('SharedTemplateSAS'))]"
        },
        "parameters": {
          "name": { "value": "[variables('vmName')]" },
          "description": { "value": "[parameters('description')]" },
          "RecoveryVaultPolicy": { "value": "[parameters('recoveryVaultPolicy')]" },
          "location": { "value": "[parameters('location')]" },
          "operatingSystem": { "value": "[parameters('operatingSystem')]" },
          "image": { "value": "[parameters('image')]" },
          "size": { "value": "[parameters('size')]" },
          "osDiskSize": { "value": "[parameters('osDiskSize')]" },
          "availabilitySet": { "value": "[parameters('availabilitySet')]" },
          "diagnosticsStorageAccount": { "value": "[parameters('diagnosticsStorageAccount')]" },
          "networkInterface": { "value": "[variables('nicName')]" },
          "adminUsername": { "value": "vm-admin" },
          "adminPassword": {
            "reference": {
              "keyVault": {
                "id": "[resourceGroup().tags.ProvisioningKeyVault]"
              },
              "secretName": "VMAdminPassword"
            }
          },
          "plan": { "value": "[parameters('plan')]" },
          "osDiskType": { "value": "[parameters('osDiskType')]" },
          "enableHUB": { "value": "[parameters('enableHUB')]" }
        },
        "mode": "incremental"
      }
    },
    {
      "condition": "[variables('DataDiskDeployment')[string(empty(parameters('dataDisks')))]]",
      "apiVersion": "[variables('apiVersion')]",
      "type": "Microsoft.Resources/deployments",
      "name": "[take(concat(deployment().name, '-managedDataDisks'), 64)]",
      "dependsOn": [
        "[take(concat(deployment().name, '-internal'), 64)]"
      ],
      "properties": {
        "templateLink": {
          "uri": "[concat(uri(deployment().properties.templateLink.uri, 'managedDataDisks.json'),variables('SharedTemplateSAS'))]"
        },
        "parameters": {
          "vmname": { "value": "[variables('vmName')]" },
          "location": { "value": "[parameters('location')]" },
          "dataDisks": {"value": "[parameters('dataDisks')]"}
        },
        "mode": "incremental"
      }
    },
    {
      "condition": "[equals(parameters('operatingSystem'),'Windows')]",
      "apiVersion": "[variables('apiVersion')]",
      "type": "Microsoft.Resources/deployments",
      "name": "[take(concat(deployment().name, '-extensions-Windows'), 64)]",
      "dependsOn": [
        "[take(concat(deployment().name, '-managedDataDisks'), 64)]"
      ],
      "properties": {
        "templateLink": {
          "uri": "[concat(uri(deployment().properties.templateLink.uri, 'extensions-windows.json'),variables('SharedTemplateSAS'))]"
        },
        "parameters": {
          "vm": { "value": "[variables('vmName')]" },
          "location": { "value": "[parameters('location')]" },
          "omsWorkspaceId": {
            "reference": {
              "keyVault": {
                "id": "[resourceGroup().tags.ProvisioningKeyVault]"
              },
              "secretName": "OMS-Workspace-ID"
            }
          },
          "omsWorkspaceKey": {
            "reference": {
              "keyVault": {
                "id": "[resourceGroup().tags.ProvisioningKeyVault]"
              },
              "secretName": "OMS-Workspace-Key"
            }
          },
          "domain": {
            "reference": {
              "keyVault": {
                "id": "[resourceGroup().tags.ProvisioningKeyVault]"
              },
              "secretName": "[concat(variables('domainId'), '-VmDomainName')]"
            }
          },
          "ouPath": {
            "reference": {
              "keyVault": {
                "id": "[resourceGroup().tags.ProvisioningKeyVault]"
              },
              "secretName": "[concat(variables('domainId'), '-VmDomainOuPath')]"
            }
          },
          "domainUsername": {
            "reference": {
              "keyVault": {
                "id": "[resourceGroup().tags.ProvisioningKeyVault]"
              },
              "secretName": "[concat(variables('domainId'), '-VmDomainUsername')]"
            }
          },
          "domainPassword": {
            "reference": {
              "keyVault": {
                "id": "[resourceGroup().tags.ProvisioningKeyVault]"
              },
              "secretName": "[concat(variables('domainId'), '-VmDomainPassword')]"
            }
          },
          "joinDomain": { "value": "[parameters('joinDomain')]" },
          "enableOMS": { "value": "[parameters('enableOMS')]" },
          "enableAgents": { "value": "[parameters('enableAgents')]" }
        },
        "mode": "incremental"
      }
    },
    {
      "condition": "[equals(parameters('operatingSystem'),'Linux')]",
      "apiVersion": "[variables('apiVersion')]",
      "type": "Microsoft.Resources/deployments",
      "name": "[take(concat(deployment().name, '-extensions-Linux'), 64)]",
      "dependsOn": [
        "[take(concat(deployment().name, '-managedDataDisks'), 64)]"
      ],
      "properties": {
        "templateLink": {
          "uri": "[concat(uri(deployment().properties.templateLink.uri, 'extensions-linux.json'),variables('SharedTemplateSAS'))]"
        },
        "parameters": {
          "vm": { "value": "[variables('vmName')]" },
          "location": { "value": "[parameters('location')]" },
          "omsWorkspaceId": {
            "reference": {
              "keyVault": {
                "id": "[resourceGroup().tags.ProvisioningKeyVault]"
              },
              "secretName": "OMS-Workspace-ID"
            }
          },
          "omsWorkspaceKey": {
            "reference": {
              "keyVault": {
                "id": "[resourceGroup().tags.ProvisioningKeyVault]"
              },
              "secretName": "OMS-Workspace-Key"
            }
          },
          "joinDomain": { "value": "[parameters('joinDomain')]" },
          "enableOMS": { "value": "[parameters('enableOMS')]" },
          "enableAgents": { "value": "[parameters('enableAgents')]" },
          "domainJoinUser": {
            "reference": {
              "keyVault": {
                "id": "[resourceGroup().tags.ProvisioningKeyVault]"
              },
              "secretName": "[concat(variables('domainId'), '-VmDomainUsername')]"
            }
          },
          "domainJoinPassword": {
            "reference": {
              "keyVault": {
                "id": "[resourceGroup().tags.ProvisioningKeyVault]"
              },
              "secretName": "[concat(variables('domainId'), '-VmDomainPassword')]"
            }
          }
        },
        "mode": "incremental"
      }
    }
  ]
}