{
    "$schema": "https://schema.management.azure.com/schemas/2015-01-01/deploymentTemplate.json#",
    "contentVersion": "1.0.0.0",
  "parameters": {
    "vm": {
      "type": "array"
    },
    "SASToken": {
      "type": "string"
    },
    "templateLocation": {
      "type": "string",
      "defaultValue": "https://agarmdeploymentprod.blob.core.windows.net/templates/v2/"
    },
    "tomcatUserName": {
      "type": "string"
    },
    "tomcatPassword": {
      "type": "string"
    },
    "adminUserName": {
      "type": "string"
    },
    "adminPassword": {
      "type": "string"
    },
    "sshPassPhrase": {
      "type": "string"
    }
  },
  "variables": {
    "apiVersion": "2016-09-01",
    "namePrefix": "[resourceGroup().tags.NamingPrefix]",
    "storageAccount": "[toLower(concat(variables('namePrefix'), 'sa'))]",
    "baseUri": "[concat(split(parameters('templateLocation'), '/templates/')[0], '/')]"
  },
  "resources": [
    {
      "type": "Microsoft.Resources/deployments",
      "name": "[concat(deployment().name, '_', variables('storageAccount'))]",
      "apiVersion": "[variables('apiVersion')]",
      "dependsOn": [],
      "properties": {
        "templateLink": { "uri": "[concat(parameters('templateLocation'), 'storage-account.json', parameters('SASToken'))]" },
        "parameters": {
          "name": { "value": "[variables('storageAccount')]" },
          "sku": { "value": "Standard_LRS" }
        },
        "mode": "incremental"
      }
    },
    {
      "type": "Microsoft.Resources/deployments",
      "name": "[concat(deployment().name, '_', variables('namePrefix'), parameters('vm')[copyIndex()].role, padLeft(parameters('vm')[copyIndex()].sequence, 2, '0'))]",
      "apiVersion": "[variables('apiVersion')]",
      "dependsOn": [
        "[concat(deployment().name, '_', variables('storageAccount'))]"
      ],
      "copy": {
        "name": "virtualMachines",
        "count": "[length(parameters('vm'))]"
      },
      "properties": {
        "templateLink": { "uri": "[concat(parameters('templateLocation'), 'virtual-machine.json', parameters('SASToken'))]" },
        "parameters": {
          "description": { "value": "[parameters('vm')[copyIndex()].description]" },
          "name": { "value": "[concat(variables('namePrefix'), parameters('vm')[copyIndex()].role, padLeft(parameters('vm')[copyIndex()].sequence, 2, '0'))]" },
          "size": { "value": "[parameters('vm')[copyIndex()].size]" },
          "operatingSystem": { "value": "[parameters('vm')[copyIndex()].operatingSystem]" },
          "image": { "value": "[parameters('vm')[copyIndex()].image]" },
          "datadisks": { "value": "[parameters('vm')[copyIndex()].datadisks]" },
          "enableAgents": { "value": false }
        },
        "mode": "incremental"
      }
   },

    {
      "type": "Microsoft.Compute/virtualMachines/extensions",
      "name": "[concat(variables('namePrefix'), parameters('vm')[copyIndex()].role, padLeft(parameters('vm')[copyIndex()].sequence, 2, '0'),'/newuserscript')]",
      "apiVersion": "2015-06-15",
      "location": "[resourceGroup().location]",
      "dependsOn": [ "[concat(deployment().name, '_', variables('namePrefix'), parameters('vm')[copyIndex()].role, padLeft(parameters('vm')[copyIndex()].sequence, 2, '0'))]" ],
      "copy": {
        "name": "virtualMachines",
        "count": "[length(parameters('vm'))]"
      },
      "properties": {
        "publisher": "Microsoft.Azure.Extensions",
        "type": "CustomScript",
        "typeHandlerVersion": "2.0",
        "autoUpgradeMinorVersion": true,
        "settings": {
          "fileUris": [
            "[concat('https://', variables('storageAccount'),'.blob.core.windows.net/scripts/tomcat-setup.sh')]"
          ],
          "commandToExecute":  "[concat('curl -s ', variables('baseUri'), 'agents/InstallDependencyAgent-Linux64.bin', ''' -o InstallDependencyAgent-Linux64.bin &&', ' sh InstallDependencyAgent-Linux64.bin -s', '''', '-o tomcat-setup.sh ', '''', variables('storageAccount'),'.blob.core.windows.net/scripts/tomcat-setup.sh', '''', parameters('SASToken'),'''', parameters('adminUserName'), '''', parameters('adminPassword'), '''', parameters('tomcatUserName'), '''', parameters('tomcatPassword'), '''', parameters('sshPassPhrase'),'''')]"

        }
      }
    }
  ]
}
