{
    "$schema": "https://schema.management.azure.com/schemas/2015-01-01/deploymentTemplate.json#",
    "contentVersion": "1.0.0.0",
    "parameters": {
        "appServicePlan": {
            "type": "object"
        },
        "webApp": {
            "type": "object"
        },
        "vm": {
            "type": "array"
        },
        "SASToken": {
            "type": "string"
        },
        "hybridConnection": {
            "type": "object"
        }
    },
    "variables": {
        "templateLocation": "https://agarmdeploymentprod.blob.core.windows.net/templates/v2/",
        "AppServicePlan": "[toLower(concat(resourceGroup().tags.NamingPrefix, '-asp'))]",
        "authRuleResourceId": "[concat('Microsoft.Relay/namespaces/', parameters('hybridConnection').serviceBusName, '/authorizationRules/',  parameters('hybridConnection').sharedKeyName)]",
        "apiVersion": "2016-09-01",
        "location": "[resourceGroup().location]",
        "namePrefix": "[resourceGroup().tags.NamingPrefix]",
        "userMetaData": "[concat('[{\"key\":\"endpoint\",\"value\":\"', parameters('hybridConnection').listenerHostname, ':', parameters('hybridConnection').listenerHostPort, '\"}]')]"
    },
    "resources": [
        {
            "type": "Microsoft.Resources/deployments",
            "name": "[concat(deployment().name, '_', variables('AppServicePlan'))]",
            "apiVersion": "[variables('apiVersion')]",
            "dependsOn": [],
            "properties": {
                "templateLink": {
                    "uri": "[concat(variables('templateLocation'), 'app-service-plan.json', parameters('SASToken'))]"
                },
                "parameters": {
                    "name": {
                        "value": "[variables('AppServicePlan')]"
                    },
                    "location": {
                        "value": "[variables('location')]"
                    },
                    "sku": {
                        "value": "[parameters('appServicePlan').sku]"
                    },
                    "capacity": {
                        "value": "[parameters('appServicePlan').capacity]"
                    }
                },
                "mode": "Incremental"
            }
        },
        {
            "type": "Microsoft.Resources/deployments",
            "name": "[concat(deployment().name, '_', parameters('webApp').name)]",
            "apiVersion": "[variables('apiVersion')]",
            "dependsOn": [
                "[resourceId('Microsoft.Resources/deployments', concat(deployment().name, '_', variables('AppServicePlan')))]"
            ],
            "properties": {
                "templateLink": {
                    "uri": "[concat(variables('templateLocation'), 'web-app.json', parameters('SASToken'))]"
                },
                "parameters": {
                    "name": {
                        "value": "[parameters('webApp').name]"
                    },
                    "location": {
                        "value": "[variables('location')]"
                    },
                    "appServicePlan": {
                        "value": "[variables('AppServicePlan')]"
                    },
                    "kind": {
                        "value": "[parameters('webApp').kind]"
                    },
                    "alwaysOn": {
                        "value": "[parameters('webApp').alwaysOn]"
                    },
                    "netFrameworkVersion": {
                        "value": "v4.0"
                    }
                },
                "mode": "Incremental"
            }
        },
        {
            "type": "Microsoft.Resources/deployments",
            "name": "[concat(variables('namePrefix'), parameters('vm')[copyIndex()].role, padLeft(parameters('vm')[copyIndex()].sequence, 2, '0'))]",
            "apiVersion": "[variables('apiVersion')]",
            "dependsOn": [],
            "copy": {
                "name": "virtualMachines",
                "count": "[length(parameters('vm'))]"
            },
            "properties": {
                "templateLink": {
                    "uri": "[concat(variables('templateLocation'), 'virtual-machine.json', parameters('SASToken'))]"
                },
                "parameters": {
                    "description": {
                        "value": "[parameters('vm')[copyIndex()].description]"
                    },
                    "name": {
                        "value": "[concat(variables('namePrefix'), parameters('vm')[copyIndex()].role, padLeft(parameters('vm')[copyIndex()].sequence, 2, '0'))]"
                    },
                    "size": {
                        "value": "[parameters('vm')[copyIndex()].size]"
                    },
                    "operatingSystem": {
                        "value": "[parameters('vm')[copyIndex()].operatingSystem]"
                    },
                    "image": {
                        "value": "[parameters('vm')[copyIndex()].image]"
                    },
                    "datadisks": {
                        "value": "[parameters('vm')[copyIndex()].datadisks]"
                    },
                    "osDiskType": {
                        "value": "[parameters('vm')[copyIndex()].osDiskType]"
                    }
                },
                "mode": "incremental"
            }
        },
        {
            "type": "Microsoft.Relay/namespaces",
            "sku": {
                "name": "Standard",
                "tier": "Standard"
            },
            "name": "[parameters('hybridConnection').serviceBusName]",
            "apiVersion": "2017-04-01",
            "location": "Central US",
            "kind": "Relay",
            "scale": null,
            "properties": {
                "serviceBusEndpoint": "[concat('https://', parameters('hybridConnection').serviceBusName,'.servicebus.windows.net:443/')]"
            },
            "dependsOn": []
        },
        {
            "apiVersion": "2017-04-01",
            "name": "[concat(parameters('hybridConnection').serviceBusName, '/', parameters('hybridConnection').hybridConnectionName)]",
            "type": "Microsoft.Relay/namespaces/HybridConnections",
            "dependsOn": [
                "[concat('Microsoft.Relay/namespaces/', parameters('hybridConnection').serviceBusName)]"
            ],
            "properties": {
                "requiresClientAuthorization": "true",
                "userMetadata": "[variables('userMetaData')]"
            }
        },
        {
            "apiVersion": "2017-04-01",
            "name": "[concat(parameters('hybridConnection').serviceBusName, '/', parameters('hybridConnection').sharedKeyName)]",
            "type": "Microsoft.Relay/namespaces/authorizationRules",
            "dependsOn": [
                "[concat('Microsoft.Relay/namespaces/', parameters('hybridConnection').serviceBusName)]"
            ],
            "properties": {
                "rights": [ 
                    "Send",
                    "Listen"
                ]
            }
        },
        {
            "name": "[concat(parameters('webApp').name, '/', parameters('hybridConnection').serviceBusName, '/', parameters('hybridConnection').hybridConnectionName)]", 
            "type": "Microsoft.Web/sites/hybridConnectionNamespaces/relays",
            "location": "Central US",
            "apiVersion": "2018-02-01",
            "dependsOn": [ 
                "[parameters('hybridConnection').serviceBusName]"
            ],
            "properties": {
                "serviceBusNamespace": "[parameters('hybridConnection').serviceBusName]", 
                "relayName": "[parameters('hybridConnection').hybridConnectionName]",
                "relayArmUri": "[concat('/subscriptions/', subscription().subscriptionId, '/resourceGroups/', resourceGroup().name, '/providers/Microsoft.Relay/namespaces/', parameters('hybridConnection').serviceBusName, '/HybridConnections/', parameters('hybridConnection').hybridConnectionName)]",
                "hostname": "[parameters('hybridConnection').listenerHostname]", 
                "port": "[parameters('hybridConnection').listenerHostPort]",
                "sendKeyName": "[parameters('hybridConnection').sharedKeyName]", 
                "sendKeyValue": "[listkeys(variables('authRuleResourceId'), '2017-04-01').primaryKey]", 
                "serviceBusSuffix": ".servicebus.windows.net"
            }
        },
        {
            "type": "Microsoft.Compute/virtualMachines/extensions", 
            "name": "[concat(variables('namePrefix'), parameters('vm')[copyIndex()].role, padLeft(parameters('vm')[copyIndex()].sequence, 2, '0'), '/Microsoft.Powershell.DSC')]",
            "apiVersion": "2018-06-01",
            "location": "[resourceGroup().location]",
            "copy": {
                "name": "dsc",
                "count": "[length(parameters('vm'))]"
            },
            "dependsOn": [
                "[concat(variables('namePrefix'), parameters('vm')[copyIndex()].role, padLeft(parameters('vm')[copyIndex()].sequence, 2, '0'))]"
            ],
            "properties": {
                "publisher": "Microsoft.Powershell",
                "type": "DSC",
                "typeHandlerVersion": "2.76",
                "autoUpgradeMinorVersion": true,
                "forceUpdateTag": "1.3",
                "settings": {
                    "wmfVersion": "latest",
                    "configuration": {
                        "url": "https://agarmdeploymentprod.blob.core.windows.net/deploymentscripts/SetupHCM.zip",
                        "function": "SetupHCM",
                        "script": "SetupHCM.ps1"
                    },
                    "configurationArguments": {
                        "serviceBus": "[parameters('hybridConnection').serviceBusName]",
                        "sharedAccessKeyName": "[parameters('hybridConnection').sharedKeyName]",
                        "sharedAccessKeyValue": "[listkeys(variables('authRuleResourceId'), '2017-04-01').primaryKey]",
                        "hybridConnectionName": "[parameters('hybridConnection').hybridConnectionName]"
                    }
                },
                "protectedSettings": {
                    "configurationUrlSasToken": "[parameters('SASToken')]"
                }
            }
        }
    ]
}