{
    "contentVersion": "1.0.0.0",
    "parameters": {
      "workbookDisplayName": {
        "type": "string",
        "defaultValue": "AzureDataFactoryAnalytics",
        "metadata": {
          "description": "The friendly name for the workbook that is used in the Gallery or Saved List.  This name must be unique within a resource group."
        }
      },
      "workbookType": {
        "type": "string",
        "defaultValue": "workbook",
        "metadata": {
          "description": "The gallery that the workbook will been shown under. Supported values include workbook, tsg, etc. Usually, this is 'workbook'"
        }
      },
      "workbookId": {
        "type": "string",
        "defaultValue": "[newGuid()]",
        "metadata": {
          "description": "The unique guid for this workbook instance"
        }
      }
    },
    "variables": {
        "workbookSourceId": "Azure Monitor"
    },
    "resources": [
      {
        "name": "[parameters('workbookId')]",
        "type": "microsoft.insights/workbooks",
        "location": "[resourceGroup().location]",
        "apiVersion": "2018-06-17-preview",
        "dependsOn": [],
        "kind": "shared",
        "properties": {
          "displayName": "[parameters('workbookDisplayName')]",
          "serializedData": "{\"version\":\"Notebook/1.0\",\"items\":[{\"type\":1,\"content\":{\"json\":\"## Azure Data Factory Analytics\\r\\n\"},\"name\":\"text - 0\"},{\"type\":9,\"content\":{\"version\":\"KqlParameterItem/1.0\",\"parameters\":[{\"id\":\"a41df0df-48a4-4283-aefc-017d2bf3826e\",\"version\":\"KqlParameterItem/1.0\",\"name\":\"TimeRange\",\"type\":4,\"isRequired\":true,\"value\":{\"durationMs\":172800000},\"typeSettings\":{\"selectableValues\":[{\"durationMs\":300000},{\"durationMs\":900000},{\"durationMs\":1800000},{\"durationMs\":3600000},{\"durationMs\":14400000},{\"durationMs\":43200000},{\"durationMs\":86400000},{\"durationMs\":172800000},{\"durationMs\":259200000},{\"durationMs\":604800000},{\"durationMs\":1209600000},{\"durationMs\":2419200000},{\"durationMs\":2592000000},{\"durationMs\":5184000000},{\"durationMs\":7776000000}]}}],\"style\":\"pills\",\"queryType\":0,\"resourceType\":\"microsoft.operationsmanagement/solutions\"},\"name\":\"parameters - 4\"},{\"type\":1,\"content\":{\"json\":\"### ADF RUNS - 1) PIPELINE RUNS BY DATA FACTORY\"},\"name\":\"text - 3\"},{\"type\":3,\"content\":{\"version\":\"KqlItem/1.0\",\"query\":\"ADFPipelineRun\\r\\n| where TimeGenerated {TimeRange}\\r\\n| where Status != \\\"InProgress\\\"\\r\\n| summarize count(RunId) by ResourceId\\r\\n| render piechart\",\"size\":2,\"color\":\"blueDark\",\"queryType\":0,\"resourceType\":\"microsoft.operationalinsights/workspaces\",\"visualization\":\"piechart\",\"gridSettings\":{\"sortBy\":[{\"itemKey\":\"count_RunId\",\"sortOrder\":1}]},\"sortBy\":[{\"itemKey\":\"count_RunId\",\"sortOrder\":1}]},\"name\":\"query - 2\"},{\"type\":3,\"content\":{\"version\":\"KqlItem/1.0\",\"query\":\"let data = ADFPipelineRun\\r\\n| where TimeGenerated {TimeRange}\\r\\n| where Status != \\\"InProgress\\\";\\r\\n\\r\\ndata\\r\\n| summarize Count = count() by ResourceId, Status, PipelineName\\r\\n| join kind = inner ( data \\r\\n| make-series Trend = count()  default = 0 on TimeGenerated from {TimeRange:start} to {TimeRange:end} step {TimeRange:grain} by ResourceId, Status, PipelineName\\r\\n| project-away TimeGenerated) on ResourceId, Status, PipelineName\\r\\n| project ResourceId, Count, Trend, Status, PipelineName\\r\\n| order by Count desc;\\r\\n\\r\\n\",\"size\":0,\"showAnalytics\":true,\"queryType\":0,\"resourceType\":\"microsoft.operationalinsights/workspaces\",\"gridSettings\":{\"formatters\":[{\"columnMatch\":\"Count\",\"formatter\":4,\"formatOptions\":{\"showIcon\":true}},{\"columnMatch\":\"Trend\",\"formatter\":9,\"formatOptions\":{\"showIcon\":true}},{\"columnMatch\":\"Status\",\"formatter\":18,\"formatOptions\":{\"showIcon\":true,\"thresholdsOptions\":\"icons\",\"thresholdsGrid\":[{\"operator\":\"==\",\"thresholdValue\":\"Success\",\"representation\":\"success\"},{\"operator\":\"==\",\"thresholdValue\":\"Queued\",\"representation\":\"pending\",\"text\":\"Queued\"},{\"operator\":\"==\",\"thresholdValue\":\"Failed\",\"representation\":\"failed\",\"text\":\"{0}{1}\"},{\"operator\":\"Default\",\"thresholdValue\":null,\"representation\":\"success\",\"text\":\"{0}{1}\"}]}}],\"rowLimit\":1000,\"filter\":true,\"sortBy\":[{\"itemKey\":\"PipelineName\",\"sortOrder\":2}]},\"sortBy\":[{\"itemKey\":\"PipelineName\",\"sortOrder\":2}]},\"name\":\"query - 2\"},{\"type\":1,\"content\":{\"json\":\"### ADF RUNS - 2) ACTIVITY RUNS BY DATA FACTORY\"},\"name\":\"text - 5\"},{\"type\":3,\"content\":{\"version\":\"KqlItem/1.0\",\"query\":\"ADFActivityRun\\r\\n| where TimeGenerated {TimeRange}\\r\\n| where Status != \\\"InProgress\\\"\\r\\n| summarize count(ActivityRunId) by ResourceId\\r\\n| render piechart\",\"size\":2,\"color\":\"grayBlue\",\"timeContext\":{\"durationMs\":172800000},\"timeContextFromParameter\":\"TimeRange\",\"queryType\":0,\"resourceType\":\"microsoft.operationalinsights/workspaces\"},\"name\":\"query - 6\"},{\"type\":3,\"content\":{\"version\":\"KqlItem/1.0\",\"query\":\"let data = ADFActivityRun\\r\\n| where TimeGenerated {TimeRange}\\r\\n| where Status != \\\"InProgress\\\";\\r\\n\\r\\ndata\\r\\n| summarize Count = count() by ResourceId, Status, ActivityName\\r\\n| join kind = inner ( data \\r\\n| make-series Trend = count()  default = 0 on TimeGenerated from {TimeRange:start} to {TimeRange:end} step {TimeRange:grain} by ResourceId, Status, ActivityName\\r\\n| project-away TimeGenerated) on ResourceId, Status, ActivityName\\r\\n| project ResourceId, Count, Trend, Status, ActivityName\\r\\n| order by Count desc;\\r\\n\\r\\n\",\"size\":0,\"showAnalytics\":true,\"timeContext\":{\"durationMs\":172800000},\"timeContextFromParameter\":\"TimeRange\",\"queryType\":0,\"resourceType\":\"microsoft.operationalinsights/workspaces\",\"gridSettings\":{\"formatters\":[{\"columnMatch\":\"Count\",\"formatter\":4,\"formatOptions\":{\"palette\":\"blue\",\"showIcon\":true}},{\"columnMatch\":\"Trend\",\"formatter\":9,\"formatOptions\":{\"showIcon\":true}},{\"columnMatch\":\"Status\",\"formatter\":18,\"formatOptions\":{\"showIcon\":true,\"thresholdsOptions\":\"icons\",\"thresholdsGrid\":[{\"operator\":\"contains\",\"thresholdValue\":\"Succeeded\",\"representation\":\"success\",\"text\":\"{0}{1}\"},{\"operator\":\"contains\",\"thresholdValue\":\"Failed\",\"representation\":\"failed\",\"text\":\"{0}{1}\"},{\"operator\":\"Default\",\"thresholdValue\":null,\"representation\":\"success\",\"text\":\"{0}{1}\"}]},\"numberFormat\":{\"unit\":0,\"options\":{\"style\":\"decimal\"}}}],\"rowLimit\":1000,\"filter\":true}},\"name\":\"query - 8\"},{\"type\":1,\"content\":{\"json\":\"### ADF RUNS - 3) TRIGGER RUNS BY DATA FACTORY\"},\"name\":\"text - 9\"},{\"type\":3,\"content\":{\"version\":\"KqlItem/1.0\",\"query\":\"ADFTriggerRun\\r\\n| where TimeGenerated {TimeRange}\\r\\n| where Status != \\\"InProgress\\\" and Status != \\\"Waiting\\\"\\r\\n| summarize count() by ResourceId\\r\\n| render piechart\",\"size\":2,\"color\":\"blueDark\",\"timeContext\":{\"durationMs\":172800000},\"timeContextFromParameter\":\"TimeRange\",\"queryType\":0,\"resourceType\":\"microsoft.operationalinsights/workspaces\"},\"name\":\"query - 11\"},{\"type\":3,\"content\":{\"version\":\"KqlItem/1.0\",\"query\":\"let data = ADFTriggerRun\\r\\n| where TimeGenerated {TimeRange}\\r\\n| where Status != \\\"Running\\\" and Status !contains \\\"Waiting\\\";\\r\\n\\r\\ndata\\r\\n| summarize Count = count() by ResourceId, Status, TriggerName\\r\\n| join kind = inner ( data \\r\\n| make-series Trend = count()  default = 0 on TimeGenerated from {TimeRange:start} to {TimeRange:end} step {TimeRange:grain} by ResourceId, Status, TriggerName\\r\\n| project-away TimeGenerated) on ResourceId, Status, TriggerName\\r\\n| project ResourceId, Count, Trend, Status, TriggerName\\r\\n| order by Count desc;\\r\\n\\r\\n\",\"size\":0,\"showAnalytics\":true,\"timeContext\":{\"durationMs\":172800000},\"timeContextFromParameter\":\"TimeRange\",\"queryType\":0,\"resourceType\":\"microsoft.operationalinsights/workspaces\",\"gridSettings\":{\"formatters\":[{\"columnMatch\":\"Count\",\"formatter\":4,\"formatOptions\":{\"showIcon\":true}},{\"columnMatch\":\"Trend\",\"formatter\":9,\"formatOptions\":{\"palette\":\"blue\",\"showIcon\":true}},{\"columnMatch\":\"Status\",\"formatter\":18,\"formatOptions\":{\"showIcon\":true,\"thresholdsOptions\":\"icons\",\"thresholdsGrid\":[{\"operator\":\"contains\",\"thresholdValue\":\"Failed\",\"representation\":\"failed\",\"text\":\"{0}{1}\"},{\"operator\":\"contains\",\"thresholdValue\":\"Succeeded\",\"representation\":\"success\",\"text\":\"{0}{1}\"},{\"operator\":\"Default\",\"thresholdValue\":null,\"representation\":\"success\",\"text\":\"{0}{1}\"}]}}],\"rowLimit\":1000,\"filter\":true}},\"name\":\"query - 12\"},{\"type\":1,\"content\":{\"json\":\"### ADF ERRORS - 1) TOP 10 PIPELINE ERRORS BY DATA FACTORY\"},\"name\":\"text - 13\"},{\"type\":3,\"content\":{\"version\":\"KqlItem/1.0\",\"query\":\"ADFPipelineRun\\r\\n| where TimeGenerated {TimeRange}\\r\\n| where Status == \\\"Failed\\\"\\r\\n| summarize ErrorCount = count() by ResourceId\\r\\n| top 10 by ErrorCount\\r\\n| render piechart\",\"size\":2,\"color\":\"redBright\",\"timeContext\":{\"durationMs\":172800000},\"timeContextFromParameter\":\"TimeRange\",\"queryType\":0,\"resourceType\":\"microsoft.operationalinsights/workspaces\"},\"name\":\"query - 14\"},{\"type\":3,\"content\":{\"version\":\"KqlItem/1.0\",\"query\":\"let data = ADFPipelineRun\\r\\n| where TimeGenerated {TimeRange}\\r\\n| where Status == \\\"Failed\\\";\\r\\n\\r\\ndata\\r\\n| summarize Count = count() by ResourceId, FailureType, PipelineName\\r\\n| join kind = inner ( data \\r\\n| make-series Trend = count()  default = 0 on TimeGenerated from {TimeRange:start} to {TimeRange:end} step {TimeRange:grain} by ResourceId, FailureType, PipelineName\\r\\n| project-away TimeGenerated) on ResourceId, FailureType, PipelineName\\r\\n| project ResourceId, Count, Trend, FailureType, PipelineName\\r\\n| order by Count desc;\\r\\n\\r\\n\",\"size\":0,\"showAnalytics\":true,\"timeContext\":{\"durationMs\":172800000},\"timeContextFromParameter\":\"TimeRange\",\"queryType\":0,\"resourceType\":\"microsoft.operationalinsights/workspaces\",\"gridSettings\":{\"formatters\":[{\"columnMatch\":\"Count\",\"formatter\":4,\"formatOptions\":{\"showIcon\":true}},{\"columnMatch\":\"Trend\",\"formatter\":9,\"formatOptions\":{\"showIcon\":true}}],\"rowLimit\":1000,\"filter\":true}},\"name\":\"query - 15\"},{\"type\":1,\"content\":{\"json\":\"### ADF ERRORS - 2) TOP 10 ACTIVITY ERRORS BY DATA FACTORY\"},\"name\":\"text - 14\"},{\"type\":3,\"content\":{\"version\":\"KqlItem/1.0\",\"query\":\"ADFActivityRun\\r\\n| where TimeGenerated {TimeRange}\\r\\n| where Status == \\\"Failed\\\"\\r\\n| summarize ErrorCount = count() by ResourceId\\r\\n| top 10 by ErrorCount\\r\\n| render piechart\",\"size\":2,\"timeContext\":{\"durationMs\":172800000},\"timeContextFromParameter\":\"TimeRange\",\"queryType\":0,\"resourceType\":\"microsoft.operationalinsights/workspaces\"},\"name\":\"query - 15\"},{\"type\":3,\"content\":{\"version\":\"KqlItem/1.0\",\"query\":\"let data = ADFActivityRun\\r\\n| where TimeGenerated {TimeRange}\\r\\n| where Status == \\\"Failed\\\";\\r\\n\\r\\ndata\\r\\n| summarize Count = count() by ResourceId, FailureType, ActivityName\\r\\n| join kind = inner ( data \\r\\n| make-series Trend = count()  default = 0 on TimeGenerated from {TimeRange:start} to {TimeRange:end} step {TimeRange:grain} by ResourceId, FailureType, ActivityName\\r\\n| project-away TimeGenerated) on ResourceId, FailureType, ActivityName\\r\\n| project ResourceId, Count, Trend, FailureType, ActivityName\\r\\n| order by Count desc;\\r\\n\\r\\n\",\"size\":0,\"showAnalytics\":true,\"timeContext\":{\"durationMs\":172800000},\"timeContextFromParameter\":\"TimeRange\",\"queryType\":0,\"resourceType\":\"microsoft.operationalinsights/workspaces\",\"gridSettings\":{\"formatters\":[{\"columnMatch\":\"Count\",\"formatter\":4,\"formatOptions\":{\"showIcon\":true}},{\"columnMatch\":\"Trend\",\"formatter\":9,\"formatOptions\":{\"showIcon\":true}}],\"rowLimit\":1000,\"filter\":true}},\"name\":\"query - 16\"},{\"type\":1,\"content\":{\"json\":\"### ADF ERRORS - 3) TOP 10 TRIGGER ERRORS BY DATA FACTORY\"},\"name\":\"text - 17\"},{\"type\":3,\"content\":{\"version\":\"KqlItem/1.0\",\"query\":\"ADFTriggerRun\\r\\n| where TimeGenerated {TimeRange}\\r\\n| where Status == \\\"Failed\\\"\\r\\n| summarize ErrorCount = count() by ResourceId\\r\\n| top 10 by ErrorCount\\r\\n| render piechart\",\"size\":2,\"timeContext\":{\"durationMs\":172800000},\"timeContextFromParameter\":\"TimeRange\",\"queryType\":0,\"resourceType\":\"microsoft.operationalinsights/workspaces\"},\"name\":\"query - 18\"},{\"type\":3,\"content\":{\"version\":\"KqlItem/1.0\",\"query\":\"let data = ADFTriggerRun\\r\\n| where TimeGenerated {TimeRange}\\r\\n| where Status == \\\"Failed\\\";\\r\\n\\r\\ndata\\r\\n| summarize Count = count() by ResourceId, TriggerName\\r\\n| join kind = inner ( data \\r\\n| make-series Trend = count()  default = 0 on TimeGenerated from {TimeRange:start} to {TimeRange:end} step {TimeRange:grain} by ResourceId, TriggerName\\r\\n| project-away TimeGenerated) on ResourceId, TriggerName\\r\\n| project ResourceId, Count, Trend, TriggerName\\r\\n| order by Count desc;\\r\\n\\r\\n\",\"size\":0,\"showAnalytics\":true,\"timeContext\":{\"durationMs\":172800000},\"timeContextFromParameter\":\"TimeRange\",\"queryType\":0,\"resourceType\":\"microsoft.operationalinsights/workspaces\",\"gridSettings\":{\"formatters\":[{\"columnMatch\":\"Count\",\"formatter\":4,\"formatOptions\":{\"showIcon\":true}},{\"columnMatch\":\"Trend\",\"formatter\":9,\"formatOptions\":{\"showIcon\":true}}],\"rowLimit\":1000,\"filter\":true}},\"name\":\"query - 19\"},{\"type\":1,\"content\":{\"json\":\"### ADF STATISTICS - 1) ACTIVITY RUNS BY TYPE\"},\"name\":\"text - 20\"},{\"type\":3,\"content\":{\"version\":\"KqlItem/1.0\",\"query\":\"ADFActivityRun\\r\\n| where TimeGenerated {TimeRange}\\r\\n| where Status != \\\"InProgress\\\"\\r\\n| summarize Count = count() by ActivityType\\r\\n| render piechart\",\"size\":2,\"timeContext\":{\"durationMs\":172800000},\"timeContextFromParameter\":\"TimeRange\",\"queryType\":0,\"resourceType\":\"microsoft.operationalinsights/workspaces\"},\"name\":\"query - 21\"},{\"type\":3,\"content\":{\"version\":\"KqlItem/1.0\",\"query\":\"let data = ADFActivityRun\\r\\n| where TimeGenerated {TimeRange}\\r\\n| where Status != \\\"InProgress\\\";\\r\\n\\r\\ndata\\r\\n| summarize Count = count() by ResourceId, ActivityType\\r\\n| project ResourceId, ActivityType, Count\\r\\n| order by Count desc;\\r\\n\\r\\n\",\"size\":0,\"showAnalytics\":true,\"timeContext\":{\"durationMs\":172800000},\"timeContextFromParameter\":\"TimeRange\",\"queryType\":0,\"resourceType\":\"microsoft.operationalinsights/workspaces\",\"gridSettings\":{\"formatters\":[{\"columnMatch\":\"Count\",\"formatter\":4,\"formatOptions\":{\"showIcon\":true}},{\"columnMatch\":\"Trend\",\"formatter\":9,\"formatOptions\":{\"showIcon\":true}}],\"rowLimit\":1000,\"filter\":true}},\"name\":\"query - 22\"},{\"type\":1,\"content\":{\"json\":\"### ADF STATISTICS - 2) TRIGGER RUNS BY TYPE\"},\"name\":\"text - 23\"},{\"type\":3,\"content\":{\"version\":\"KqlItem/1.0\",\"query\":\"ADFTriggerRun\\r\\n| where TimeGenerated {TimeRange}\\r\\n| where Status != \\\"InProgress\\\" and Status !contains \\\"Waiting\\\"\\r\\n| summarize Count = count() by TriggerType\\r\\n| render piechart\",\"size\":2,\"timeContext\":{\"durationMs\":172800000},\"timeContextFromParameter\":\"TimeRange\",\"queryType\":0,\"resourceType\":\"microsoft.operationalinsights/workspaces\"},\"name\":\"query - 24\"},{\"type\":3,\"content\":{\"version\":\"KqlItem/1.0\",\"query\":\"let data = ADFTriggerRun\\r\\n| where TimeGenerated {TimeRange};\\r\\n\\r\\ndata\\r\\n| summarize Count = count() by ResourceId, TriggerType, Status\\r\\n| project ResourceId, TriggerType, Status, Count\\r\\n| order by Count desc;\\r\\n\\r\\n\",\"size\":0,\"showAnalytics\":true,\"timeContext\":{\"durationMs\":172800000},\"timeContextFromParameter\":\"TimeRange\",\"queryType\":0,\"resourceType\":\"microsoft.operationalinsights/workspaces\",\"gridSettings\":{\"formatters\":[{\"columnMatch\":\"Status\",\"formatter\":18,\"formatOptions\":{\"showIcon\":true,\"thresholdsOptions\":\"icons\",\"thresholdsGrid\":[{\"operator\":\"contains\",\"thresholdValue\":\"Succeeded\",\"representation\":\"success\",\"text\":\"{0}{1}\"},{\"operator\":\"contains\",\"thresholdValue\":\"Failed\",\"representation\":\"failed\",\"text\":\"{0}{1}\"},{\"operator\":\"contains\",\"thresholdValue\":\"Waiting\",\"representation\":\"pending\",\"text\":\"{0}{1}\"},{\"operator\":\"Default\",\"thresholdValue\":null,\"representation\":\"success\",\"text\":\"{0}{1}\"}]}},{\"columnMatch\":\"Count\",\"formatter\":4,\"formatOptions\":{\"showIcon\":true}},{\"columnMatch\":\"Trend\",\"formatter\":9,\"formatOptions\":{\"showIcon\":true}}],\"rowLimit\":1000,\"filter\":true}},\"name\":\"query - 25\"},{\"type\":1,\"content\":{\"json\":\"### ADF STATISTICS - 3) MAX PIPELINE RUNS DURATION\"},\"name\":\"text - 26\"},{\"type\":3,\"content\":{\"version\":\"KqlItem/1.0\",\"query\":\"ADFPipelineRun\\r\\n| where TimeGenerated {TimeRange}\\r\\n| where Status != \\\"InProgress\\\" \\r\\n| extend DurationInMinutes = round((End - Start)/1m, 2)\\r\\n| summarize max(DurationInMinutes) by PipelineName \\r\\n| top 3 by max_DurationInMinutes\\r\\n\",\"size\":0,\"color\":\"blue\",\"timeContext\":{\"durationMs\":172800000},\"timeContextFromParameter\":\"TimeRange\",\"queryType\":0,\"resourceType\":\"microsoft.operationalinsights/workspaces\",\"visualization\":\"categoricalbar\"},\"name\":\"query - 27\"},{\"type\":3,\"content\":{\"version\":\"KqlItem/1.0\",\"query\":\"let data = ADFPipelineRun\\r\\n| where TimeGenerated {TimeRange}\\r\\n| where Status != \\\"InProgress\\\"\\r\\n| extend DurationInMinutes = round((End - Start)/1m, 2) ;\\r\\n\\r\\ndata\\r\\n| summarize Duration_Minutes = max(DurationInMinutes) by PipelineName \\r\\n| join kind = inner ( data \\r\\n| make-series Trend = max(DurationInMinutes)  default = 0 on TimeGenerated from {TimeRange:start} to {TimeRange:end} step {TimeRange:grain} by PipelineName\\r\\n| project-away TimeGenerated) on PipelineName\\r\\n| project PipelineName, Duration_Minutes, Trend\\r\\n| order by Duration_Minutes desc;\\r\\n\\r\\n\\r\\n\\r\\n\",\"size\":0,\"showAnalytics\":true,\"timeContext\":{\"durationMs\":172800000},\"timeContextFromParameter\":\"TimeRange\",\"queryType\":0,\"resourceType\":\"microsoft.operationalinsights/workspaces\",\"gridSettings\":{\"formatters\":[{\"columnMatch\":\"Trend\",\"formatter\":9,\"formatOptions\":{\"palette\":\"blueDark\",\"showIcon\":true}}],\"rowLimit\":1000,\"filter\":true}},\"name\":\"query - 28\"}],\"isLocked\":false,\"fallbackResourceIds\":[\"/subscriptions/f2d85cf0-b21c-4794-a259-f508c89d08c2/resourcegroups/security-monitor-rg/providers/Microsoft.OperationalInsights/workspaces/security-oms-ws\",\"/subscriptions/f2d85cf0-b21c-4794-a259-f508c89d08c2/resourcegroups/security-monitor-rg/providers/Microsoft.OperationsManagement/solutions/AzureDataFactoryAnalytics(security-oms-ws)\"],\"fromTemplateId\":\"solutions-https://azmonsolutions.blob.core.windows.net/workbooktemplates/AzureDataFactoryAnalytics/AzureDataFactoryAnalytics.workbook\"}",
          "version": "1.0",
          "sourceId": "[variables('workbookSourceId')]",
          "category": "[parameters('workbookType')]"
        }
      }
    ],
    "outputs": {
      "workbookId": {
        "type": "string",
        "value": "[resourceId( 'microsoft.insights/workbooks', parameters('workbookId'))]"
      }
    },
    "$schema": "https://schema.management.azure.com/schemas/2019-04-01/deploymentTemplate.json#"
  }
