{
    "$schema": "https://schema.management.azure.com/schemas/2015-01-01/deploymentTemplate.json#",
    "contentVersion": "2.0.0",
    "parameters": {
        "name": {
            "type": "string",
            "metadata": {
                "description": "name of the resource"
            }
        },
        "location": {
            "type": "string",
            "defaultValue": "[resourceGroup().location]",
            "metadata": {
                "description": "location of the resource"
            }
        },
        "sku": {
            "type": "string",
            "defaultValue": "Basic",
            "metadata": {
                "description": "pricing tier (Free, Basic)"
            }
        },
        "modules": {
            "type": "array",
            "defaultValue": [],
            "metadata": {
                "description": "modules to load (https://devopsgallerystorage.blob.core.windows.net/packages/{name}.{version}.nupkg) format: [{name: 'module.name', uri: 'https://module.uri/'}, ...]"
            }
        }
    },
    "variables": {
        "apiVersion": "2015-10-31",
        "convertToDependsOnSubType": [
            "",
            "/modules/"
        ],
        "modulesPadding": [{"name": ""}],
        "modules": "[concat(variables('modulesPadding'), parameters('modules'))]"
    },
    "resources": [
        {
            "apiVersion": "[variables('apiVersion')]",
            "type": "Microsoft.Automation/automationAccounts",
            "name": "[parameters('name')]",
            "location": "[parameters('location')]",
            "tags": {
                "template": "[concat(split(split(deployment().properties.templateLink.uri,'/')[5],'.')[0],'@',split(deployment().properties.templateLink.uri,'/')[4])]"
            },
            "properties": {
                "sku": {
                    "name": "[parameters('sku')]"
                }
            }
        },
        {
            "apiVersion": "[variables('apiVersion')]",
            "type": "Microsoft.Automation/automationAccounts/modules",
            "name": "[concat(parameters('name'), '/', parameters('modules')[copyIndex()].name)]",
            "location": "[parameters('location')]",
            "dependsOn": [ "[concat('Microsoft.Automation/automationAccounts/', parameters('name'), variables('convertToDependsOnSubType')[length(replace(take(string(copyIndex()), 1), '0', ''))], variables('modules')[copyIndex()].name)]" ],
            "copy": {
                "name": "modules",
                "count": "[length(parameters('modules'))]"
            },
            "properties": {
                "contentLink": {
                    "uri": "[parameters('modules')[copyIndex()].uri]"
                }
            }
        }
    ]
}