{
    "$schema": "https://schema.management.azure.com/schemas/2015-01-01/deploymentTemplate.json#",
    "contentVersion": "2.0.0",
    "parameters": { },
    "variables": {
        "namingPrefix": "[toUpper(resourceGroup().tags.NamingPrefix)]",
        "domainId": "[split(variables('namingPrefix'), 'AZ')[0]]",
        "domainVariables": {
            "P1": {
                "name": "DDNET1.NET",
                "controller": "P1USSMB1DC001.DDNET1.NET",
                "ouPath": "OU=Azure,OU=Servers,DC=DDNET1,DC=NET",
                "site": "SMB1",
                "idMapping": true,
                "securityGroup": "[concat('SA-S-AZR1-{', variables('namingPrefix'), '}')]"
            },
            "P2": {
                "name": "DDNET2.NET",
                "controller": "P2AZ0000DC001.DDNET2.NET",
                "ouPath": "OU=Azure,OU=Servers,DC=DDNET2,DC=NET",
                "site": "AZR1",
                "idMapping": true,
                "securityGroup": "[concat('SA-S-AZR1-{', variables('namingPrefix'), '}')]"
            },
            "PH": {
                "name": "PHIBRED.COM",
                "controller": "PHAZ0000DC001.PHIBRED.COM",
                "ouPath": "OU=Azure,OU=Servers,DC=phibred,DC=com",
                "site": "AZR1",
                "idMapping": false,
                "securityGroup": "[concat('SA-S-AZR1-', variables('namingPrefix'))]"
            },
            "DV": {
                "name": "PHIDEV.COM",
                "controller": "DVAZIAM01DC01.PHIDEV.COM",
                "ouPath": "OU=Azure,OU=Servers,DC=phidev,DC=com",
                "site": "AZR1",
                "idMapping": false,
                "securityGroup": "[concat('SA-S-AZR1-', variables('namingPrefix'))]"
                },
            "XA": {
                "name": "PHIEXT.COM",
                "controller": "XAAZ0000DC001.PHIEXT.COM",
                "ouPath": "OU=Azure,OU=Servers,OU=USA,DC=phiext,DC=com",
                "site": "AZR1",
                "idMapping": true,
                "securityGroup": "[concat('SA-S-AZR1-', variables('namingPrefix'))]"
            },
            "IDL": {
                "name": "azurepoc.local",
                "controller": "POCAZ0001DC001",
                "ouPath": "OU=Azure,OU=Servers,DC=azurepoc,DC=local",
                "site": "AZR1",
                "idMapping": true,
                "securityGroup": "[concat('SA-S-AZR1-', variables('namingPrefix'))]"
            }
        }
    },
    "resources": [ ],
    "outputs": {
        "domainName": {
            "type": "string",
            "value": "[variables('domainVariables')[variables('domainId')].name]"
        },
        "domainController": {
            "type": "string",
            "value": "[variables('domainVariables')[variables('domainId')].controller]"
        },
        "domainOuPath": {
            "type": "string",
            "value": "[variables('domainVariables')[variables('domainId')].ouPath]"
        },
        "domainSite": {
            "type": "string",
            "value": "[variables('domainVariables')[variables('domainId')].site]"
        },
        "domainIdMapping": {
            "type": "bool",
            "value": "[variables('domainVariables')[variables('domainId')].idMapping]"
        },
        "domainSecurityGroup": {
            "type": "string",
            "value": "[variables('domainVariables')[variables('domainId')].securityGroup]"
        }
    }
}