{
    "$schema": "http://schema.management.azure.com/schemas/2015-01-01/deploymentParameters.json#",
    "contentVersion": "1.0.0.0",
    "parameters": {
        "storageAccountName": {
            "type": "string",
            "defaultValue": "",
            "metadata":{
                "description": "name of storage account to be used for guest OS metrics"
            }
        },
        "vmName": {
            "type": "string",
            "defaultValue": "",
            "metadata": {
                "description": "name of VM to apply the extension to"
            }
        }
    },
    "variables": {},
    "resources": [
        {
            "type": "Microsoft.Compute/virtualMachines/extensions",
            "name": "[concat(parameters('vmName'),'/WADExtensionSetup')]",
            "apiVersion": "2015-05-01-preview",
            "location": "[resourceGroup().location]",
            "dependsOn": [],
            "properties": {
                "publisher": "Microsoft.ManagedIdentity",
                "type": "ManagedIdentityExtensionForWindows",
                "typeHandlerVersion": "1.0",
                "autoUpgradeMinorVersion": true,
                "settings": {
                    "port": 50342
                }
            }
        },
        {
            "type": "Microsoft.Compute/virtualMachines/extensions",
            "name": "[concat(parameters('vmName'),'/Microsoft.Insights.VMDiagnosticsSettings')]",
            "apiVersion": "2017-12-01",
            "location": "[resourceGroup().location]",
            "dependsOn": [],
            "properties": {
                "publisher": "Microsoft.Azure.Diagnostics",
                "type": "IaaSDiagnostics",
                "typeHandlerVersion": "1.5",
                "autoUpgradeMinorVersion": true,
                "protectedSettings": {
                    "storageAccountName": "[parameters('storageAccountName')]",
                    "storageAccountKey": "[listKeys(concat('Microsoft.Storage/storageAccounts/',parameters('storageAccountName')),'2015-06-15').key1]",
                    "storageAccountEndPoint": "https://core.windows.net"
                },
                "settings": {
                    "StorageAccount": "[parameters('storageAccountName')]",
                    "WadCfg": {
                        "DiagnosticMonitorConfiguration": {
                            "overallQuotaInMB": 5120,
                            "Metrics": {
                                "MetricAggregation": [
                                    {
                                        "scheduledTransferPeriod": "PT1H"
                                    },
                                    {
                                        "scheduledTransferPeriod": "PT1M"
                                    }
                                ],
                                "resourceId": "[concat('/subscriptions/', subscription().Id, '/resourceGroups/', resourceGroup().name, '/providers/Microsoft.Compute/virtualMachines/', parameters('vmName'))]"
                            },
                            "DiagnosticInfrastructureLogs": {
                                "scheduledTransferLogLevelFilter": "Error"
                            },
                            "PerformanceCounters": {
                                "scheduledTransferPeriod": "PT1M",
                                "PerformanceCounterConfiguration": [
                                    {
                                        "counterSpecifier": "\\Processor Information(_Total)\\% Processor Time",
                                        "sampleRate": "PT60S"
                                    },
                                    {
                                        "counterSpecifier": "\\Processor Information(_Total)\\% Privileged Time",
                                        "sampleRate": "PT60S"
                                    },
                                    {
                                        "counterSpecifier": "\\Processor Information(_Total)\\% User Time",
                                        "sampleRate": "PT60S"
                                    },
                                    {
                                        "counterSpecifier": "\\Processor Information(_Total)\\Processor Frequency",
                                        "sampleRate": "PT60S"
                                    },
                                    {
                                        "counterSpecifier": "\\System\\Processes",
                                        "sampleRate": "PT60S"
                                    },
                                    {
                                        "counterSpecifier": "\\Process(_Total)\\Thread Count",
                                        "sampleRate": "PT60S"
                                    },
                                    {
                                        "counterSpecifier": "\\Process(_Total)\\Handle Count",
                                        "sampleRate": "PT60S"
                                    },
                                    {
                                        "counterSpecifier": "\\System\\System Up Time",
                                        "sampleRate": "PT60S"
                                    },
                                    {
                                        "counterSpecifier": "\\System\\Context Switches/sec",
                                        "sampleRate": "PT60S"
                                    },
                                    {
                                        "counterSpecifier": "\\System\\Processor Queue Length",
                                        "sampleRate": "PT60S"
                                    },
                                    {
                                        "counterSpecifier": "\\Memory\\% Committed Bytes In Use",
                                        "sampleRate": "PT60S"
                                    },
                                    {
                                        "counterSpecifier": "\\Memory\\Available Bytes",
                                        "sampleRate": "PT60S"
                                    },
                                    {
                                        "counterSpecifier": "\\Memory\\Committed Bytes",
                                        "sampleRate": "PT60S"
                                    },
                                    {
                                        "counterSpecifier": "\\Memory\\Cache Bytes",
                                        "sampleRate": "PT60S"
                                    },
                                    {
                                        "counterSpecifier": "\\Memory\\Pool Paged Bytes",
                                        "sampleRate": "PT60S"
                                    },
                                    {
                                        "counterSpecifier": "\\Memory\\Pool Nonpaged Bytes",
                                        "sampleRate": "PT60S"
                                    },
                                    {
                                        "counterSpecifier": "\\Memory\\Pages/sec",
                                        "sampleRate": "PT60S"
                                    },
                                    {
                                        "counterSpecifier": "\\Memory\\Page Faults/sec",
                                        "sampleRate": "PT60S"
                                    },
                                    {
                                        "counterSpecifier": "\\Process(_Total)\\Working Set",
                                        "sampleRate": "PT60S"
                                    },
                                    {
                                        "counterSpecifier": "\\Process(_Total)\\Working Set - Private",
                                        "sampleRate": "PT60S"
                                    },
                                    {
                                        "counterSpecifier": "\\LogicalDisk(_Total)\\% Disk Time",
                                        "sampleRate": "PT60S"
                                    },
                                    {
                                        "counterSpecifier": "\\LogicalDisk(_Total)\\% Disk Read Time",
                                        "sampleRate": "PT60S"
                                    },
                                    {
                                        "counterSpecifier": "\\LogicalDisk(_Total)\\% Disk Write Time",
                                        "sampleRate": "PT60S"
                                    },
                                    {
                                        "counterSpecifier": "\\LogicalDisk(_Total)\\% Idle Time",
                                        "sampleRate": "PT60S"
                                    },
                                    {
                                        "counterSpecifier": "\\LogicalDisk(_Total)\\Disk Bytes/sec",
                                        "sampleRate": "PT60S"
                                    },
                                    {
                                        "counterSpecifier": "\\LogicalDisk(_Total)\\Disk Read Bytes/sec",
                                        "sampleRate": "PT60S"
                                    },
                                    {
                                        "counterSpecifier": "\\LogicalDisk(_Total)\\Disk Write Bytes/sec",
                                        "sampleRate": "PT60S"
                                    },
                                    {
                                        "counterSpecifier": "\\LogicalDisk(_Total)\\Disk Transfers/sec",
                                        "sampleRate": "PT60S"
                                    },
                                    {
                                        "counterSpecifier": "\\LogicalDisk(_Total)\\Disk Reads/sec",
                                        "sampleRate": "PT60S"
                                    },
                                    {
                                        "counterSpecifier": "\\LogicalDisk(_Total)\\Disk Writes/sec",
                                        "sampleRate": "PT60S"
                                    },
                                    {
                                        "counterSpecifier": "\\LogicalDisk(_Total)\\Avg. Disk sec/Transfer",
                                        "sampleRate": "PT60S"
                                    },
                                    {
                                        "counterSpecifier": "\\LogicalDisk(_Total)\\Avg. Disk sec/Read",
                                        "sampleRate": "PT60S"
                                    },
                                    {
                                        "counterSpecifier": "\\LogicalDisk(_Total)\\Avg. Disk sec/Write",
                                        "sampleRate": "PT60S"
                                    },
                                    {
                                        "counterSpecifier": "\\LogicalDisk(_Total)\\Avg. Disk Queue Length",
                                        "sampleRate": "PT60S"
                                    },
                                    {
                                        "counterSpecifier": "\\LogicalDisk(_Total)\\Avg. Disk Read Queue Length",
                                        "sampleRate": "PT60S"
                                    },
                                    {
                                        "counterSpecifier": "\\LogicalDisk(_Total)\\Avg. Disk Write Queue Length",
                                        "sampleRate": "PT60S"
                                    },
                                    {
                                        "counterSpecifier": "\\LogicalDisk(_Total)\\% Free Space",
                                        "sampleRate": "PT60S"
                                    },
                                    {
                                        "counterSpecifier": "\\LogicalDisk(_Total)\\Free Megabytes",
                                        "sampleRate": "PT60S"
                                    },
                                    {
                                        "counterSpecifier": "\\Network Interface(*)\\Bytes Total/sec",
                                        "sampleRate": "PT60S"
                                    },
                                    {
                                        "counterSpecifier": "\\Network Interface(*)\\Bytes Sent/sec",
                                        "sampleRate": "PT60S"
                                    },
                                    {
                                        "counterSpecifier": "\\Network Interface(*)\\Bytes Received/sec",
                                        "sampleRate": "PT60S"
                                    },
                                    {
                                        "counterSpecifier": "\\Network Interface(*)\\Packets/sec",
                                        "sampleRate": "PT60S"
                                    },
                                    {
                                        "counterSpecifier": "\\Network Interface(*)\\Packets Sent/sec",
                                        "sampleRate": "PT60S"
                                    },
                                    {
                                        "counterSpecifier": "\\Network Interface(*)\\Packets Received/sec",
                                        "sampleRate": "PT60S"
                                    },
                                    {
                                        "counterSpecifier": "\\Network Interface(*)\\Packets Outbound Errors",
                                        "sampleRate": "PT60S"
                                    },
                                    {
                                        "counterSpecifier": "\\Network Interface(*)\\Packets Received Errors",
                                        "sampleRate": "PT60S"
                                    }
                                ]
                            }
                        }
                    }
                }
            }
        }
    ]
}