{
    "$schema": "https://schema.management.azure.com/schemas/2015-01-01/deploymentTemplate.json#",
    "contentVersion": "2.0.0",
  "parameters": {
    "vmname": {
      "type": "string",
      "metadata": {
        "description": "name of the resource"
      }
    },
    "location": {
      "type": "string",
      "defaultValue": "[resourceGroup().location]",
      "metadata": {
        "description": "location of the resource"
      }
    },
    "dataDisks": {
      "type": "array",
      "defaultValue": [
        {
          "diskSizeGB": 32,
          "diskType": "Standard_LRS",
          "caching": "none"
        }
      ],
      "metadata": {
        "description": "array of Data Disks"
      }
    },
    "imageReference": {
        "type": "object",
        "metadata": {
          "description": "platform/marketplace image (publisher, image, sku, and version)"
        }
      }
  },
  "variables": {
    "apiVersion": "2018-04-01",
    "DataDisk": {
      "id": null
    },
    "CreateOption": {
      "True": "Empty",
      "False": "Copy"
    }
  },
  "resources": [
    {
      "type": "Microsoft.Compute/disks",
      "name": "[concat(parameters('vmname'),'-datadisk',copyIndex(1))]",
      "apiVersion": "[variables('apiVersion')]",
      "location": "[parameters('location')]",
      "tags": {
        "template": "[concat(split(split(deployment().properties.templateLink.uri,'/')[5],'.')[0],'@',split(deployment().properties.templateLink.uri,'/')[4])]"
      },
      "copy": {
        "name": "diskcopy",
        "count": "[length(parameters('dataDisks'))]"
      },
      "sku": {
        "name": "[parameters('dataDisks')[copyIndex()].diskType]"
      },
      "properties": {
        "creationData": {
          "createOption": "[variables('CreateOption')[string(empty(union(variables('DataDisk'),parameters('dataDisks')[copyIndex()]).id))]]",
          "sourceResourceId": "[union(variables('DataDisk'),parameters('dataDisks')[copyIndex()]).id]"
        },
        "diskSizeGB": "[parameters('dataDisks')[copyIndex()].diskSizeGB]"
      }
    },
    {
      "apiVersion": "[variables('apiVersion')]",
      "type": "Microsoft.Compute/virtualMachines",
      "name": "[parameters('vmName')]",
      "location": "[parameters('location')]",
      "DependsOn": [
        "diskcopy"
      ],
      "properties": {
        "storageProfile": {
        "imageReference": "[parameters('imageReference')]",
          "copy": [
            {
              "name": "dataDisks",
              "count": "[length(parameters('dataDisks'))]",
              "input": {
                "lun": "[copyIndex('dataDisks')]",
                "name": "[concat(parameters('vmname'),'-datadisk',copyIndex('dataDisks',1))]",
                "createOption": "Attach",
                "caching": "[parameters('dataDisks')[copyIndex('dataDisks')].caching]",
                "managedDisk": {
                  "id": "[resourceId('Microsoft.Compute/disks', concat(parameters('vmname'),'-datadisk',copyIndex('dataDisks',1)))]"
                }
              }
            }
          ]
        }
      }
    }
  ]
}