{
    "$schema": "http://schema.management.azure.com/schemas/2014-04-01-preview/deploymentTemplate.json#",
    "contentVersion": "1.0.0.0",
    "parameters": {   
        "location": {
            "type": "string",
            "metadata": {
                "description": "Location for the resource"
            }
        },
        "name": {
            "type": "string",
            "metadata": {
                "description": "Server name"
            }
        },
        "DTUs": {
            "type": "int",
             "defaultValue":50,
             "metadata":{  
                "description":"Azure database for MySQL pricing tier (example values 50, 100)"
             }
        },
        "skuSizeMB": {
            "type": "int",
             "defaultValue":51200,
             "metadata":{  
                "description":"Azure database for MySQL Sku Size (example values 51200, 102400)"
             }
        },
        "pricingTier": {
            "type": "string",
             "defaultValue":"Basic",
             "metadata":{  
                "description":"Azure database for MySQL pricing tier (example values Basic, Standard)"
             }
        },
        "version": {
            "type": "string",
             "metadata":{  
                "description":"MySQL version (example values 5.6, 5.7)"
             }
        },
        "guidValue": {
            "type": "string",
            "defaultValue": "[newGuid()]"
        }
    },
    "variables": {
        "apiVersion": "2016-06-01",
        "SharedTemplateSAS": "[concat('?',split(deployment().properties.templateLink.uri,'?')[1])]",
        "adminPassword":"[concat('Vm1', uniqueString(parameters('guidValue')), '!')]"
    },
    "resources": [
        {
            "apiVersion": "[variables('apiVersion')]",
            "type": "Microsoft.Resources/deployments",
            "name": "[take(concat(deployment().name, '-ip-restriction'), 64)]",
            "dependsOn": [],
            "properties": {
              "templateLink": {
                "uri": "[concat(uri(deployment().properties.templateLink.uri, 'sql-server-ip-restriction.json'),variables('SharedTemplateSAS'))]"
              },
                "parameters": {
                    "ipRanges": {
                        "reference": {
                            "keyVault": {
                                "id": "[resourceGroup().tags.ProvisioningKeyVault]"
                            },
                            "secretName": "DatabaseIpRanges"
                        }
                    }
                },
                "mode": "incremental"
            }
        },
        {
            "apiVersion": "[variables('apiVersion')]",
            "type": "Microsoft.Resources/deployments",
            "name": "[take(concat(deployment().name, '-internal'), 64)]",
            "dependsOn": [ "[take(concat(deployment().name, '-ip-restriction'), 64)]" ],
            "properties": {
                "templateLink": {
                    "uri": "[concat(uri(deployment().properties.templateLink.uri, 'mysql-server-internal.json'),variables('SharedTemplateSAS'))]"
                },
                "parameters": {
                    "administratorLoginPassword": { "value": "[variables('adminPassword')]" },    
                    "ipRangesAllowed": { "value": "[reference(take(concat(deployment().name, '-ip-restriction'), 64)).outputs.ipRanges.value]" },
                    "location": { "value": "[parameters('location')]" },
                    "name": { "value": "[parameters('name')]" },
                    "DTUs": { "value": "[parameters('DTUs')]"},
                    "skuSizeMB": { "value": "[parameters('skuSizeMB')]" },
                    "pricingTier": { "value": "[parameters('pricingTier')]"},
                    "version": { "value": "[parameters('version')]" }       
                },
                "mode": "incremental"
            }
        }
    ]
}