{
    "$schema": "http://schema.management.azure.com/schemas/2014-04-01-preview/deploymentTemplate.json#",
    "contentVersion": "1.0.0.0",
    "parameters": {
        "name": {
            "type": "string",
            "metadata": {
                "description": "name of the resource"
            }
        },
        "namespace": {
            "type": "string",
            "metadata": {
                "description": "namespace of the resource"
            }
        }
    },
    "variables": {
        "apiVersion": "2015-08-01"
    },
    "resources": [
        {
            "apiVersion": "[variables('apiVersion')]",
            "type": "Microsoft.ServiceBus/Namespaces/Queues",
            "name": "[concat(parameters('namespace'), '/', parameters('name'))]",
            "tags": {
                "template": "[concat(split(split(deployment().properties.templateLink.uri,'/')[5],'.')[0],'@',split(deployment().properties.templateLink.uri,'/')[4])]"
            },
            "properties": {
                "path": "[parameters('name')]"
            }
        }
    ]
}