{
    "$schema": "https://schema.management.azure.com/schemas/2015-01-01/deploymentTemplate.json#",
    "contentVersion": "2.0.0",
    "parameters": {
        "name": {
            "type": "string",
            "metadata": {
                "description": "name of the resource"
            }
        },
        "location": {
            "type": "string",
            "defaultValue": "[resourceGroup().location]",
            "metadata": {
                "description": "location of the resource"
            }
        },
        "auditStorageAccount": {
            "type": "string",
            "metadata": {
                "description": "storage account for auditing"
            }
        },
        "threatAlertEmail": {
            "type": "string",
            "defaultValue": "",
            "metadata": {
                "description": "e-mail addresses that will receive threat alerts"
            }
        }
    },
  "variables": {
    "apiVersion": "2016-06-01",
    "SharedTemplateSAS": "[concat('?',split(deployment().properties.templateLink.uri,'?')[1])]"
  },
    "resources": [
        {
            "apiVersion": "[variables('apiVersion')]",
            "type": "Microsoft.Resources/deployments",
            "name": "[take(concat(deployment().name, '-ip-restriction'), 64)]",
            "dependsOn": [],
            "properties": {
              "templateLink": {
                "uri": "[concat(uri(deployment().properties.templateLink.uri, 'sql-server-ip-restriction.json'),variables('SharedTemplateSAS'))]"
              },
                "parameters": {
                    "ipRanges": {
                        "reference": {
                            "keyVault": {
                                "id": "[resourceGroup().tags.ProvisioningKeyVault]"
                            },
                            "secretName": "DatabaseIpRanges"
                        }
                    }
                },
                "mode": "incremental"
            }
        },
        {
            "apiVersion": "[variables('apiVersion')]",
            "type": "Microsoft.Resources/deployments",
            "name": "[take(concat(deployment().name, '-internal'), 64)]",
            "dependsOn": [ "[take(concat(deployment().name, '-ip-restriction'), 64)]" ],
            "properties": {
              "templateLink": {
                "uri": "[concat(uri(deployment().properties.templateLink.uri, 'sql-server-internal.json'),variables('SharedTemplateSAS'))]"
              },
                "parameters": {
                    "name": { "value": "[parameters('name')]" },
                    "location": { "value": "[parameters('location')]" },
                    "adminUsername": { "value": "sql-admin" },
                    "adminPassword": { "value": "[listKeys(resourceId('Microsoft.Storage/storageAccounts', parameters('auditStorageAccount')), '2015-06-15').key1]" },
                    "adminAdUser": {
                        "reference": {
                            "keyVault": {
                                "id": "[resourceGroup().tags.ProvisioningKeyVault]"
                            },
                            "secretName": "SqlAdminGroupName"
                        }
                    },
                    "adminAdSid": {
                        "reference": {
                            "keyVault": {
                                "id": "[resourceGroup().tags.ProvisioningKeyVault]"
                            },
                            "secretName": "SqlAdminGroupSID"
                        }
                    },
                    "adminAdTenant": {
                        "reference": {
                            "keyVault": {
                                "id": "[resourceGroup().tags.ProvisioningKeyVault]"
                            },
                            "secretName": "SqlAdminTenant"
                        }
                    },
                    "ipRangesAllowed": { "value": "[reference(take(concat(deployment().name, '-ip-restriction'), 64)).outputs.ipRanges.value]" },
                    "auditStorageAccount": { "value": "[parameters('auditStorageAccount')]" },
                    "threatAlertEmail": {
                        "reference": {
                            "keyVault": {
                                "id": "[resourceGroup().tags.ProvisioningKeyVault]"
                            },
                            "secretName": "SqlThreatAlertEmail"
                        }
                    }
                },
                "mode": "incremental"
            }
        }
    ]
}