{
	"$schema": "https://schema.management.azure.com/schemas/2015-01-01/deploymentTemplate.json#",
	"contentVersion": "2.0.0",
	"parameters": {
		"name": {
			"type": "string",
			"metadata": {
				"description": "name of the resource"
			}
		},
		"description": {
			"type": "string",
			"metadata": {
				"description": "description for the machine (because the name is generated)"
			}
		},
		"recoveryVaultPolicy": {
      		"type": "string",
      		"allowedValues": [
        		"Default",
        		"Exclude"
      		],
      		"defaultValue": "Default",
      		"metadata": {
        		"description": "Tag has been moved to resource group level, and is set via the Resource Group Provisioning form. Paramter being kept for backwards compatibility."
      	}
    },
		"location": {
			"type": "string",
			"defaultValue": "[resourceGroup().location]",
			"metadata": {
				"description": "location of the resource"
			}
		},
		"operatingSystem": {
			"type": "string",
			"allowedValues": [
				"Windows",
				"Linux"
			],
			"metadata": {
				"description": "operating system (Windows or Linux)"
			}
		},
		"image": {
			"type": "string",
			"metadata": {
				"description": "platform/marketplace image (e.g. MicrosoftWindowsServer/WindowsServer/2012-R2-Datacenter) format: {publisher}/{offer}/{sku}/{version} (version defaults to 'latest' if omitted) OR the resource id of the managed disk to copy"
			}
		},
		"size": {
			"type": "string",
			"defaultValue": "Basic_A1",
			"metadata": {
				"description": "performance level"
			}
		},
		"adminUsername": {
			"type": "securestring",
			"metadata": {
				"description": "local admin user name"
			}
		},
		"adminPassword": {
			"type": "securestring",
			"metadata": {
				"description": "local admin password"
			}
		},
		"networkInterface": {
			"type": "string",
			"metadata": {
				"description": "network interface to attach"
			}
		},
		"osDiskSize": {
			"type": "int",
			"defaultValue": 0,
			"metadata": {
				"description": "operating system disk size in GB (0 = use marketplace image size)"
			}
		},
		"osDiskType": {
			"type": "string",
			"defaultValue": "Standard_LRS",
			"metadata": {
				"description": "Storage type for OS Disk (optional - defaults to Standard_LRS)"
			}
		},
		"availabilitySet": {
			"type": "string",
			"defaultValue": "",
			"metadata": {
				"description": "availability set for fault tolerance with fault domains and update domains"
			}
		},
		"availabilityZone": {
			"type": "string",
			"defaultValue": "",
			"allowedValues": [
				"",
				"1",
				"2",
				"3"
			],
			"metadata": {
				"description": "Zone number 1, 2, or 3 depending on region. Remove if you do not want to use Availability Zones"
			}
		},
		"diagnosticsStorageAccount": {
			"type": "string",
			"defaultValue": "",
			"metadata": {
				"description": "storage account for diagnostics (defaults to storage account for disks)"
			}
		},
		"plan": {
			"type": "string",
			"defaultValue": "",
			"metadata": {
				"description": "marketplace plan (optional - only used by certain marketplace images) format: {publisher}/{product}/{name}/"
			}
		},
		"enableHUB": {
			"type": "bool",
			"defaultValue": true,
			"metadata": {
				"description": "enable HUB licensing for windows VMs"
			}
		},
		"serverLicense": {
			"type": "bool",
			"defaultValue": true,
			"metadata": {
				"description": "determine if use server or client license for hybrid benefit"
			}
		}
	},
	"variables": {
		"apiVersion": "2019-07-01",
		"hasAvailabilitySet": {
			"true": null,
			"false": {
				"id": "[resourceId('Microsoft.Compute/availabilitySets', parameters('availabilitySet'))]"
			}
		},
		"convertToOsDiskSizeGB": {
			"true": null,
			"False": "[parameters('osDiskSize')]"
		},
		"plan": "[split(concat(parameters('plan'), '//'), '/')]",
		"convertToPlan": {
			"true": null,
			"false": {
				"publisher": "[variables('plan')[0]]",
				"product": "[variables('plan')[1]]",
				"name": "[variables('plan')[2]]"
			}
		},
		"enableDiagnostics": {
			"true": {
				"enabled": false
			},
			"false": {
				"enabled": true,
				"storageUri": "[concat('http://',parameters('diagnosticsStorageAccount'),'.blob.core.windows.net')]"
			}
		},
		"LicenseType": {
			"windows": {
				"true": {
					"true": "Windows_Server",
					"false": "Windows_Client"
				},
				"false": {
					"true": null,
					"false": null
				}
			},
			"linux": {
				"true": {
					"true": null,
					"false": null
				},
				"false": {
					"true": null,
					"false": null
				}
			}
		},
		"osProfile": {
			"windows": {
				"computerName": "[parameters('name')]",
				"adminUsername": "[parameters('adminUsername')]",
				"adminPassword": "[parameters('adminPassword')]",
				"windowsConfiguration": {
					"provisionVMAgent": true,
					"enableAutomaticUpdates": true
				},
				"secrets": []
			},
			"linux": {
				"computerName": "[parameters('name')]",
				"adminUsername": "[parameters('adminUsername')]",
				"adminPassword": "[parameters('adminPassword')]",
				"linuxConfiguration": {
					"disablePasswordAuthentication": false
				}
			}
		}
	},
	"resources": [
		{
			"apiVersion": "[variables('apiVersion')]",
			"type": "Microsoft.Compute/virtualMachines",
			"name": "[parameters('name')]",
			"location": "[parameters('location')]",
			"zones": "[if(equals(length(parameters('availabilityZone')),0), json('null'), array(parameters('availabilityZone')))]",
			"DependsOn": [],
			"tags": {
				"template": "[concat(split(split(deployment().properties.templateLink.uri,'/')[5],'.')[0],'@',split(deployment().properties.templateLink.uri,'/')[4])]",
				"description": "[parameters('description')]"
			},
			"properties": {
				"availabilitySet": "[variables('hasAvailabilitySet')[string(empty(parameters('availabilitySet')))]]",
				"hardwareProfile": {
					"vmSize": "[parameters('size')]"
				},
				"osProfile": "[variables('osProfile')[parameters('operatingSystem')]]",
				"licenseType": "[variables('LicenseType')[parameters('operatingSystem')][string(parameters('enableHUB'))][string(parameters('serverLicense'))]]",
				"storageProfile": {
					"imageReference": {
						"id": "[parameters('image')]"
					},
					"osDisk": {
						"name": "[concat(parameters('name'),'-os-disk')]",
						"createOption": "FromImage",
						"diskSizeGB": "[variables('convertToOsDiskSizeGB')[string(equals(parameters('osDiskSize'),0))]]",
						"managedDisk": {
							"storageAccountType": "[parameters('osDiskType')]"
						}
					}
				},
				"networkProfile": {
					"networkInterfaces": [
						{
							"id": "[resourceId('Microsoft.Network/networkInterfaces', parameters('networkInterface'))]"
						}
					]
				},
				"diagnosticsProfile": {
					"bootDiagnostics": "[variables('enableDiagnostics')[string(empty(parameters('diagnosticsStorageAccount')))]]"
				}
			},
			"plan": "[variables('convertToPlan')[string(empty(parameters('plan')))]]"
		}
	]
}