{
	"$schema": "https://schema.management.azure.com/schemas/2015-01-01/deploymentTemplate.json#",
	"contentVersion": "2.0.0",
	"parameters": {
		"nameSequence": {
			"type": "int",
			"defaultValue": 1,
			"metadata": {
				"description": "Workstation name sequence, used in conjunction with NamePrefix to create virtual workstation computer name"
			}
		},
		"description": {
			"type": "string",
			"metadata": {
				"description": "description for the machine"
			}
		},
		"recoveryVaultPolicy": {
      		"type": "string",
      		"allowedValues": [
      			"Default",
      			"Exclude"
      		],
      		"defaultValue": "Default",
      		"metadata": {
      			"description": "Tag has been moved to resource group level, and is set via the Resource Group Provisioning form. Paramter being kept for backwards compatibility."
      		}
    	},
		"location": {
			"type": "string",
			"defaultValue": "[resourceGroup().location]",
			"metadata": {
				"description": "location of the resource"
			}
		},
		"operatingSystem": {
			"type": "string",
			"allowedValues": [
				"Windows"
			],
			"defaultValue": "Windows",
			"metadata": {
				"description": "currently only support Windows workstation in Azure"
			}
		},
		"image": {
			"type": "string",
			"metadata": {
				"description": "platform/marketplace image (e.g. MicrosoftWindowsServer/WindowsServer/2012-R2-Datacenter) format: {publisher}/{offer}/{sku}/{version} (version defaults to 'latest' if omitted) OR the resource id of the managed disk to copy"
			}
		},
		"size": {
			"type": "string",
			"defaultValue": "Basic_A1",
			"metadata": {
				"description": "performance level"
			}
		},
		"ipAddress": {
			"type": "string",
			"defaultValue": "",
			"metadata": {
				"description": "IP address for interface (blank = auto assigned)"
			}
		},
		"enableIPForwarding": {
			"type": "bool",
			"defaultValue": false,
			"metadata": {
				"description": "enables ip forwarding for the network interface created for this vm"
			}
		},
		"enableAcceleratedNetworking": {
			"type": "bool",
			"defaultValue": false,
			"metadata": {
				"description": "enables accelerated networking for the network interface created for this vm. OS image and size constraints apply (see https://docs.microsoft.com/en-us/azure/virtual-network/create-vm-accelerated-networking-powershell)"
			}
		},
		"loadBalancerPool": {
			"type": "string",
			"defaultValue": "",
			"metadata": {
				"description": "load balancer pool to put interface in (optional) format: {load-balancer-name}/{pool-name}"
			}
		},
		"dnsServers": {
			"type": "array",
			"defaultValue": [],
			"metadata": {
				"description": "list of DNS servers (optional array of strings)"
			}
		},
		"networkSecurityGroup": {
			"type": "string",
			"defaultValue": "",
			"metadata": {
				"description": "network security group to use (optionally resource group name prefix) format: {resource-group}/{nsg}"
			}
		},
		"availabilitySet": {
			"type": "string",
			"defaultValue": "",
			"metadata": {
				"description": "availability set for fault tolerance with fault and update domains"
			}
		},
		"availabilityZone": {
			"type": "string",
			"defaultValue": "",
			"allowedValues": [
				"",
				"1",
				"2",
				"3"
			],
			"metadata": {
				"description": "Zone number 1, 2, or 3 depending on region. Remove if you do not want to use Availability Zones"
			}
		},
		"osDiskSize": {
			"type": "int",
			"defaultValue": 0,
			"metadata": {
				"description": "operating system disk size in GB (0 = use marketplace image size)"
			}
		},
		"dataDisks": {
			"type": "array",
			"defaultValue": [],
			"metadata": {
				"description": "array of Data Disks"
			}
		},
		"diagnosticsStorageAccount": {
			"type": "string",
			"defaultValue": "",
			"metadata": {
				"description": "storage account for diagnostics (defaults to storage account for disks)"
			}
		},
		"plan": {
			"type": "string",
			"defaultValue": "",
			"metadata": {
				"description": "marketplace plan (optional - only used by certain marketplace images) format: {publisher}/{product}/{name}/"
			}
		},
		"osDiskType": {
			"type": "string",
			"defaultValue": "Standard_LRS",
			"metadata": {
				"description": "Storage type for OS Disk (optional - defaults to Standard_LRS)"
			}
		},
		"joinDomain": {
			"type": "bool",
			"defaultValue": true,
			"metadata": {
				"description": "whether to domain join the machine (optional - defaults to true)"
			}
		},
		"enableOMS": {
			"type": "bool",
			"defaultValue": true,
			"metadata": {
				"description": "whether to install OMS extension (optional - defaults to true)"
			}
		},
		"enableAgents": {
			"type": "bool",
			"defaultValue": true,
			"metadata": {
				"description": "whether to install required agents (optional - defaults to true)"
			}
		},
		"enableHUB": {
			"type": "bool",
			"defaultValue": true,
			"metadata": {
				"description": "enable HUB licensing for windows VMs"
			}
		},
		"enableBGInfo": {
			"type": "bool",
			"defaultValue": true,
			"metadata": {
				"description": "whether to install BGInfo agents (optional - defaults to true)"
			}
		},
		"guestOSMetricsStorageAccount": {
			"type": "string",
			"defaultValue": "none",
			"metadata": {
				"description": "optional - storage account to be used for enabling guest os metrics"
			}
		},
		"VMNameConfig": {
			"type": "string",
			"allowedValues": [
				"FQDN",
				"Short"
			],
			"defaultValue": "FQDN",
			"metadata": {
				"description": "optional - default value is FQDN. Specifies if the Linux VMs are provisioned with short (non-FQDN) hostnames or fully qualified names.Example: if value is Short : PHAZD0000000 (server), if value is FQDN: PHAZD0000000.PHIBRED.COM(server.domain)"
			}
		},
		"imageSource": {
			"type": "string",
			"metadata": {
				"description": "Select the image source for the vms. All VMs will be created with Managed Disks."
			},
			"defaultValue": "Gallery",
			"allowedValues": [
				"CustomVHD",
				"CustomImage",
				"Gallery"
			]
		},
		"utcValue": {
			"type": "string",
			"defaultValue": "[utcNow('yyyyMMddHHmmss')]"
		},
		"guidValue": {
      		"type": "string",
      		"defaultValue": "[newGuid()]"
    	}
	},
	"variables": {
		"apiVersion": "2016-06-01",
		"vwNamePrefix": "[concat(resourceGroup().tags.NamingPrefix, 'VW')]",
		"vmNameSequence": "[padLeft(parameters('nameSequence'), 2, '0')]",
		"vmName": "[concat(variables('vwNamePrefix'), variables('vmNameSequence'))]",
		"SharedTemplateSAS": "[concat('?',split(deployment().properties.templateLink.uri,'?')[1])]",
		"Subnet": "[resourceGroup().tags.Subnet]",
		"PrivateIpConfiguration": {
			"True": {
				"privateIPAddress": null,
				"privateIPAllocationMethod": "Dynamic"
			},
			"False": {
				"privateIPAddress": "[parameters('ipAddress')]",
				"privateIPAllocationMethod": "Static"
			}
		},
		"nsg": {
			"True": null,
			"False": {
				"id": "[resourceId('Microsoft.Network/networkSecurityGroups', parameters('networkSecurityGroup'))]"
			}
		},
		"loadBalancerPool": "[split(concat(parameters('loadBalancerPool'), '/'), '/')]",
		"LoadBalancerBackendAddressPools": {
			"True": null,
			"False": [
				{
					"id": "[resourceId('Microsoft.Network/loadBalancers/backendAddressPools', variables('loadBalancerPool')[0], variables('loadBalancerPool')[1])]"
				}
			]
		},
		"DnsSettings": {
			"True": null,
			"False": {
				"dnsServers": "[parameters('dnsServers')]"
			}
		},
		"nicName": "[concat(variables('vmName'), '-nic')]",
		"domainId": "[split(resourceGroup().tags.NamingPrefix, 'AZ')[0]]",
		"DataDiskDeployment": {
			"true": false,
			"false": true
		},
		"image": "[split(concat(parameters('image'), '/latest'), '/')]",
		"imageReference": {
			"publisher": "[variables('image')[0]]",
			"offer": "[variables('image')[1]]",
			"sku": "[variables('image')[2]]",
			"version": "[variables('image')[3]]"
		},
		"adminPassword":"[concat('Vm1', uniqueString(parameters('guidValue')), '!')]"
	},
	"resources": [
		{
			"apiVersion": "2018-11-01",
			"type": "Microsoft.Network/networkInterfaces",
			"name": "[variables('nicName')]",
			"location": "[parameters('location')]",
			"tags": {
				"template": "[concat(split(split(deployment().properties.templateLink.uri,'/')[5],'.')[0],'@',split(deployment().properties.templateLink.uri,'/')[4])]"
			},
			"properties": {
				"networkSecurityGroup": "[variables('nsg')[string(empty(parameters('networkSecurityGroup')))]]",
				"ipConfigurations": [
					{
						"name": "[concat(variables('vmName'), '-ip')]",
						"properties": {
							"privateIPAddress": "[variables('privateIpConfiguration')[string(empty(parameters('ipAddress')))].privateIPAddress]",
							"privateIPAllocationMethod": "[variables('privateIpConfiguration')[string(empty(parameters('ipAddress')))].privateIPAllocationMethod]",
							"subnet": {
								"id": "[variables('subnet')]"
							},
							"loadBalancerBackendAddressPools": "[variables('LoadBalancerBackendAddressPools')[string(empty(parameters('loadBalancerPool')))]]"
						}
					}
				],
				"dnsSettings": "[variables('DnsSettings')[string(empty(parameters('dnsServers')))]]",
				"enableIPForwarding": "[parameters('enableIPForwarding')]",
				"enableAcceleratedNetworking": "[parameters('enableAcceleratedNetworking')]"
			}
		},
		{
			"condition": "[or(equals(parameters('imageSource'),'Gallery'), equals(parameters('imageSource'),'CustomVHD'))]",
			"apiVersion": "[variables('apiVersion')]",
			"type": "Microsoft.Resources/deployments",
			"name": "[concat(variables('vmName'), '-internal-', parameters('utcValue'))]",
			"dependsOn": [
				"[concat('Microsoft.Network/networkInterfaces/', variables('nicName'))]"
			],
			"properties": {
				"templateLink": {
					"uri": "[concat(uri(deployment().properties.templateLink.uri, 'virtual-machine-internal.json'), variables('SharedTemplateSAS'))]"
				},
				"parameters": {
					"name": {
						"value": "[variables('vmName')]"
					},
					"description": {
						"value": "[parameters('description')]"
					},
					"location": {
						"value": "[parameters('location')]"
					},
					"operatingSystem": {
						"value": "[parameters('operatingSystem')]"
					},
					"image": {
						"value": "[parameters('image')]"
					},
					"size": {
						"value": "[parameters('size')]"
					},
					"osDiskSize": {
						"value": "[parameters('osDiskSize')]"
					},
					"availabilitySet": {
						"value": "[parameters('availabilitySet')]"
					},
					"availabilityZone": {
						"value": "[parameters('availabilityZone')]"
					},
					"diagnosticsStorageAccount": {
						"value": "[parameters('diagnosticsStorageAccount')]"
					},
					"networkInterface": {
						"value": "[variables('nicName')]"
					},
					"adminUsername": {
						"value": "vm-admin"
					},
					"adminPassword": {
						"value": "[variables('adminPassword')]"
					},
					"plan": {
						"value": "[parameters('plan')]"
					},
					"osDiskType": {
						"value": "[parameters('osDiskType')]"
					},
					"imageReference": {
						"value": "[variables('imageReference')]"
					},
					"enableHUB": {
					  "value": "[parameters('enableHUB')]"
					},
					"serverLicense": {
					  "value": false
					}
				},
				"mode": "incremental"
			}
		},
		{
			"condition": "[equals(parameters('imageSource'),'CustomImage')]",
			"apiVersion": "[variables('apiVersion')]",
			"type": "Microsoft.Resources/deployments",
			"name": "[concat(variables('vmName'), '-customimage-', parameters('utcValue'))]",
			"dependsOn": [
				"[concat('Microsoft.Network/networkInterfaces/', variables('nicName'))]"
			],
			"properties": {
				"templateLink": {
					"uri": "[concat(uri(deployment().properties.templateLink.uri, 'virtual-machine-customimagevm.json'), variables('SharedTemplateSAS'))]"
				},
				"parameters": {
					"name": {
						"value": "[variables('vmName')]"
					},
					"description": {
						"value": "[parameters('description')]"
					},
					"location": {
						"value": "[parameters('location')]"
					},
					"operatingSystem": {
						"value": "[parameters('operatingSystem')]"
					},
					"image": {
						"value": "[parameters('image')]"
					},
					"size": {
						"value": "[parameters('size')]"
					},
					"osDiskSize": {
						"value": "[parameters('osDiskSize')]"
					},
					"availabilitySet": {
						"value": "[parameters('availabilitySet')]"
					},
					"availabilityZone": {
						"value": "[parameters('availabilityZone')]"
					},
					"diagnosticsStorageAccount": {
						"value": "[parameters('diagnosticsStorageAccount')]"
					},
					"networkInterface": {
						"value": "[variables('nicName')]"
					},
					"adminUsername": {
						"value": "vm-admin"
					},
					"adminPassword": {
						"value": "[variables('adminPassword')]"
					},
					"plan": {
						"value": "[parameters('plan')]"
					},
					"osDiskType": {
						"value": "[parameters('osDiskType')]"
					},
					"enableHUB": {
					  "value": "[parameters('enableHUB')]"
					},
					"serverLicense": {
					  "value": false
					}
				},
				"mode": "incremental"
			}
		},
		{
			"condition": "[and(not(empty(parameters('dataDisks'))), or(equals(parameters('imageSource'),'Gallery'), equals(parameters('imageSource'),'CustomVHD')))]",
			"apiVersion": "[variables('apiVersion')]",
			"type": "Microsoft.Resources/deployments",
			"name": "[concat(variables('vmName'), '-managedDataDisks-', parameters('utcValue'))]",
			"dependsOn": [
				"[concat(variables('vmName'), '-internal-', parameters('utcValue'))]"
			],
			"properties": {
				"templateLink": {
					"uri": "[concat(uri(deployment().properties.templateLink.uri, 'managedDataDisks.json'),variables('SharedTemplateSAS'))]"
				},
				"parameters": {
					"vmname": {
						"value": "[variables('vmName')]"
					},
					"location": {
						"value": "[parameters('location')]"
					},
					"dataDisks": {
						"value": "[parameters('dataDisks')]"
					},
					"imageReference": {
						"value": "[variables('imageReference')]"
					}
				},
				"mode": "incremental"
			}
		},
		{
			"condition": "[equals(parameters('operatingSystem'),'Windows')]",
			"apiVersion": "[variables('apiVersion')]",
			"type": "Microsoft.Resources/deployments",
			"name": "[concat(variables('vmName'), '-extensions-Windows-', parameters('utcValue'))]",
			"dependsOn": [
				"[concat(variables('vmName'), '-internal-', parameters('utcValue'))]",
				"[concat(variables('vmName'), '-customimage-', parameters('utcValue'))]",
				"[concat(variables('vmName'), '-managedDataDisks-', parameters('utcValue'))]"
			],
			"properties": {
				"templateLink": {
					"uri": "[concat(uri(deployment().properties.templateLink.uri, 'extensions-windows.json'),variables('SharedTemplateSAS'))]"
				},
				"parameters": {
					"vm": {
						"value": "[variables('vmName')]"
					},
					"location": {
						"value": "[parameters('location')]"
					},
					"omsWorkspaceId": {
						"reference": {
							"keyVault": {
								"id": "[resourceGroup().tags.ProvisioningKeyVault]"
							},
							"secretName": "OMS-Workspace-ID"
						}
					},
					"omsWorkspaceKey": {
						"reference": {
							"keyVault": {
								"id": "[resourceGroup().tags.ProvisioningKeyVault]"
							},
							"secretName": "OMS-Workspace-Key"
						}
					},
					"domain": {
						"reference": {
							"keyVault": {
								"id": "[resourceGroup().tags.ProvisioningKeyVault]"
							},
							"secretName": "[concat(variables('domainId'), '-VmDomainName')]"
						}
					},
					"ouPath": {
						"reference": {
							"keyVault": {
								"id": "[resourceGroup().tags.ProvisioningKeyVault]"
							},
							"secretName": "[concat(variables('domainId'), '-VWDomainOuPath')]"
						}
					},
					"domainUsername": {
						"reference": {
							"keyVault": {
								"id": "[resourceGroup().tags.ProvisioningKeyVault]"
							},
							"secretName": "[concat(variables('domainId'), '-domainJoinUsername')]"
						}
					},
					"domainPassword": {
						"reference": {
							"keyVault": {
								"id": "[resourceGroup().tags.ProvisioningKeyVault]"
							},
							"secretName": "[concat(variables('domainId'), '-domainJoinPassword')]"
						}
					},
					"joinDomain": {
						"value": "[parameters('joinDomain')]"
					},
					"enableOMS": {
						"value": "[parameters('enableOMS')]"
					},
					"enableAgents": {
						"value": "[parameters('enableAgents')]"
					},
					"guestOSMetricsStorageAccount": {
						"value": "[parameters('guestOSMetricsStorageAccount')]"
					},
					"enableBGInfo": {
						"value": "[parameters('enableBGInfo')]"
					}
				},
				"mode": "incremental"
			}
		}
	]
}