{
    "$schema": "https://schema.management.azure.com/schemas/2015-01-01/deploymentTemplate.json#",
    "contentVersion": "2.0.0",
    "parameters": {
        "subnets": {
            "type": "string",
            "defaultValue": "",
            "metadata": {
                "description": "list of IP subnets to allow (no addresses == public access) format: 1.1.1.1/255.255.255.0,2.2.2.2/255.255.255.0"
            }
        }
    },
    "outputs": {
        "subnets": {
            "value": "[take(variables('list'), variables('count'))]",
            "type": "array"
        }
    },
    "resources": [],
    "variables": {
        "subnetsHasValue": "[length(take(parameters('subnets'), 1))]",
        "convertToCount": [
            0,
            "[length(split(parameters('subnets'), ','))]"
        ],
        "count": "[variables('convertToCount')[variables('subnetsHasValue')]]",
        "subnets": "[split(concat(parameters('subnets'), '/,/,/,/,/,/,/,/,/,/,/,/,/,/,/,/,/,/,/,/,/,/,/,/,/,/,/,/,/,/,/,/,/,/,/,/,/,/,/,/,/,/,/,/,/,/,/,/,/,/,/,/,/,/,/,/,/,/,/,/,/,/,/,/,/,/,/,/,/,/,/,/,/,/,/,/,/,/,/,/,/,/,/,/,/,/,/,/,/,/,/,/,/,/,/,/,/,/,/,/,/'), ',')]",
        "list": [
            { "ipAddress": "[split(variables('subnets')[0], '/')[0]]", "subnetMask": "[split(variables('subnets')[0], '/')[1]]" },
            { "ipAddress": "[split(variables('subnets')[1], '/')[0]]", "subnetMask": "[split(variables('subnets')[1], '/')[1]]" },
            { "ipAddress": "[split(variables('subnets')[2], '/')[0]]", "subnetMask": "[split(variables('subnets')[2], '/')[1]]" },
            { "ipAddress": "[split(variables('subnets')[3], '/')[0]]", "subnetMask": "[split(variables('subnets')[3], '/')[1]]" },
            { "ipAddress": "[split(variables('subnets')[4], '/')[0]]", "subnetMask": "[split(variables('subnets')[4], '/')[1]]" },
            { "ipAddress": "[split(variables('subnets')[5], '/')[0]]", "subnetMask": "[split(variables('subnets')[5], '/')[1]]" },
            { "ipAddress": "[split(variables('subnets')[6], '/')[0]]", "subnetMask": "[split(variables('subnets')[6], '/')[1]]" },
            { "ipAddress": "[split(variables('subnets')[7], '/')[0]]", "subnetMask": "[split(variables('subnets')[7], '/')[1]]" },
            { "ipAddress": "[split(variables('subnets')[8], '/')[0]]", "subnetMask": "[split(variables('subnets')[8], '/')[1]]" },
            { "ipAddress": "[split(variables('subnets')[9], '/')[0]]", "subnetMask": "[split(variables('subnets')[9], '/')[1]]" },
            { "ipAddress": "[split(variables('subnets')[10], '/')[0]]", "subnetMask": "[split(variables('subnets')[10], '/')[1]]" },
            { "ipAddress": "[split(variables('subnets')[11], '/')[0]]", "subnetMask": "[split(variables('subnets')[11], '/')[1]]" },
            { "ipAddress": "[split(variables('subnets')[12], '/')[0]]", "subnetMask": "[split(variables('subnets')[12], '/')[1]]" },
            { "ipAddress": "[split(variables('subnets')[13], '/')[0]]", "subnetMask": "[split(variables('subnets')[13], '/')[1]]" },
            { "ipAddress": "[split(variables('subnets')[14], '/')[0]]", "subnetMask": "[split(variables('subnets')[14], '/')[1]]" },
            { "ipAddress": "[split(variables('subnets')[15], '/')[0]]", "subnetMask": "[split(variables('subnets')[15], '/')[1]]" },
            { "ipAddress": "[split(variables('subnets')[16], '/')[0]]", "subnetMask": "[split(variables('subnets')[16], '/')[1]]" },
            { "ipAddress": "[split(variables('subnets')[17], '/')[0]]", "subnetMask": "[split(variables('subnets')[17], '/')[1]]" },
            { "ipAddress": "[split(variables('subnets')[18], '/')[0]]", "subnetMask": "[split(variables('subnets')[18], '/')[1]]" },
            { "ipAddress": "[split(variables('subnets')[19], '/')[0]]", "subnetMask": "[split(variables('subnets')[19], '/')[1]]" },
            { "ipAddress": "[split(variables('subnets')[20], '/')[0]]", "subnetMask": "[split(variables('subnets')[20], '/')[1]]" },
            { "ipAddress": "[split(variables('subnets')[21], '/')[0]]", "subnetMask": "[split(variables('subnets')[21], '/')[1]]" },
            { "ipAddress": "[split(variables('subnets')[22], '/')[0]]", "subnetMask": "[split(variables('subnets')[22], '/')[1]]" },
            { "ipAddress": "[split(variables('subnets')[23], '/')[0]]", "subnetMask": "[split(variables('subnets')[23], '/')[1]]" },
            { "ipAddress": "[split(variables('subnets')[24], '/')[0]]", "subnetMask": "[split(variables('subnets')[24], '/')[1]]" },
            { "ipAddress": "[split(variables('subnets')[25], '/')[0]]", "subnetMask": "[split(variables('subnets')[25], '/')[1]]" },
            { "ipAddress": "[split(variables('subnets')[26], '/')[0]]", "subnetMask": "[split(variables('subnets')[26], '/')[1]]" },
            { "ipAddress": "[split(variables('subnets')[27], '/')[0]]", "subnetMask": "[split(variables('subnets')[27], '/')[1]]" },
            { "ipAddress": "[split(variables('subnets')[28], '/')[0]]", "subnetMask": "[split(variables('subnets')[28], '/')[1]]" },
            { "ipAddress": "[split(variables('subnets')[29], '/')[0]]", "subnetMask": "[split(variables('subnets')[29], '/')[1]]" },
            { "ipAddress": "[split(variables('subnets')[30], '/')[0]]", "subnetMask": "[split(variables('subnets')[30], '/')[1]]" },
            { "ipAddress": "[split(variables('subnets')[31], '/')[0]]", "subnetMask": "[split(variables('subnets')[31], '/')[1]]" },
            { "ipAddress": "[split(variables('subnets')[32], '/')[0]]", "subnetMask": "[split(variables('subnets')[32], '/')[1]]" },
            { "ipAddress": "[split(variables('subnets')[33], '/')[0]]", "subnetMask": "[split(variables('subnets')[33], '/')[1]]" },
            { "ipAddress": "[split(variables('subnets')[34], '/')[0]]", "subnetMask": "[split(variables('subnets')[34], '/')[1]]" },
            { "ipAddress": "[split(variables('subnets')[35], '/')[0]]", "subnetMask": "[split(variables('subnets')[35], '/')[1]]" },
            { "ipAddress": "[split(variables('subnets')[36], '/')[0]]", "subnetMask": "[split(variables('subnets')[36], '/')[1]]" },
            { "ipAddress": "[split(variables('subnets')[37], '/')[0]]", "subnetMask": "[split(variables('subnets')[37], '/')[1]]" },
            { "ipAddress": "[split(variables('subnets')[38], '/')[0]]", "subnetMask": "[split(variables('subnets')[38], '/')[1]]" },
            { "ipAddress": "[split(variables('subnets')[39], '/')[0]]", "subnetMask": "[split(variables('subnets')[39], '/')[1]]" },
            { "ipAddress": "[split(variables('subnets')[40], '/')[0]]", "subnetMask": "[split(variables('subnets')[40], '/')[1]]" },
            { "ipAddress": "[split(variables('subnets')[41], '/')[0]]", "subnetMask": "[split(variables('subnets')[41], '/')[1]]" },
            { "ipAddress": "[split(variables('subnets')[42], '/')[0]]", "subnetMask": "[split(variables('subnets')[42], '/')[1]]" },
            { "ipAddress": "[split(variables('subnets')[43], '/')[0]]", "subnetMask": "[split(variables('subnets')[43], '/')[1]]" },
            { "ipAddress": "[split(variables('subnets')[44], '/')[0]]", "subnetMask": "[split(variables('subnets')[44], '/')[1]]" },
            { "ipAddress": "[split(variables('subnets')[45], '/')[0]]", "subnetMask": "[split(variables('subnets')[45], '/')[1]]" },
            { "ipAddress": "[split(variables('subnets')[46], '/')[0]]", "subnetMask": "[split(variables('subnets')[46], '/')[1]]" },
            { "ipAddress": "[split(variables('subnets')[47], '/')[0]]", "subnetMask": "[split(variables('subnets')[47], '/')[1]]" },
            { "ipAddress": "[split(variables('subnets')[48], '/')[0]]", "subnetMask": "[split(variables('subnets')[48], '/')[1]]" },
            { "ipAddress": "[split(variables('subnets')[49], '/')[0]]", "subnetMask": "[split(variables('subnets')[49], '/')[1]]" },
            { "ipAddress": "[split(variables('subnets')[50], '/')[0]]", "subnetMask": "[split(variables('subnets')[50], '/')[1]]" },
            { "ipAddress": "[split(variables('subnets')[51], '/')[0]]", "subnetMask": "[split(variables('subnets')[51], '/')[1]]" },
            { "ipAddress": "[split(variables('subnets')[52], '/')[0]]", "subnetMask": "[split(variables('subnets')[52], '/')[1]]" },
            { "ipAddress": "[split(variables('subnets')[53], '/')[0]]", "subnetMask": "[split(variables('subnets')[53], '/')[1]]" },
            { "ipAddress": "[split(variables('subnets')[54], '/')[0]]", "subnetMask": "[split(variables('subnets')[54], '/')[1]]" },
            { "ipAddress": "[split(variables('subnets')[55], '/')[0]]", "subnetMask": "[split(variables('subnets')[55], '/')[1]]" },
            { "ipAddress": "[split(variables('subnets')[56], '/')[0]]", "subnetMask": "[split(variables('subnets')[56], '/')[1]]" },
            { "ipAddress": "[split(variables('subnets')[57], '/')[0]]", "subnetMask": "[split(variables('subnets')[57], '/')[1]]" },
            { "ipAddress": "[split(variables('subnets')[58], '/')[0]]", "subnetMask": "[split(variables('subnets')[58], '/')[1]]" },
            { "ipAddress": "[split(variables('subnets')[59], '/')[0]]", "subnetMask": "[split(variables('subnets')[59], '/')[1]]" },
            { "ipAddress": "[split(variables('subnets')[60], '/')[0]]", "subnetMask": "[split(variables('subnets')[60], '/')[1]]" },
            { "ipAddress": "[split(variables('subnets')[61], '/')[0]]", "subnetMask": "[split(variables('subnets')[61], '/')[1]]" },
            { "ipAddress": "[split(variables('subnets')[62], '/')[0]]", "subnetMask": "[split(variables('subnets')[62], '/')[1]]" },
            { "ipAddress": "[split(variables('subnets')[63], '/')[0]]", "subnetMask": "[split(variables('subnets')[63], '/')[1]]" },
            { "ipAddress": "[split(variables('subnets')[64], '/')[0]]", "subnetMask": "[split(variables('subnets')[64], '/')[1]]" },
            { "ipAddress": "[split(variables('subnets')[65], '/')[0]]", "subnetMask": "[split(variables('subnets')[65], '/')[1]]" },
            { "ipAddress": "[split(variables('subnets')[66], '/')[0]]", "subnetMask": "[split(variables('subnets')[66], '/')[1]]" },
            { "ipAddress": "[split(variables('subnets')[67], '/')[0]]", "subnetMask": "[split(variables('subnets')[67], '/')[1]]" },
            { "ipAddress": "[split(variables('subnets')[68], '/')[0]]", "subnetMask": "[split(variables('subnets')[68], '/')[1]]" },
            { "ipAddress": "[split(variables('subnets')[69], '/')[0]]", "subnetMask": "[split(variables('subnets')[69], '/')[1]]" },
            { "ipAddress": "[split(variables('subnets')[70], '/')[0]]", "subnetMask": "[split(variables('subnets')[70], '/')[1]]" },
            { "ipAddress": "[split(variables('subnets')[71], '/')[0]]", "subnetMask": "[split(variables('subnets')[71], '/')[1]]" },
            { "ipAddress": "[split(variables('subnets')[72], '/')[0]]", "subnetMask": "[split(variables('subnets')[72], '/')[1]]" },
            { "ipAddress": "[split(variables('subnets')[73], '/')[0]]", "subnetMask": "[split(variables('subnets')[73], '/')[1]]" },
            { "ipAddress": "[split(variables('subnets')[74], '/')[0]]", "subnetMask": "[split(variables('subnets')[74], '/')[1]]" },
            { "ipAddress": "[split(variables('subnets')[75], '/')[0]]", "subnetMask": "[split(variables('subnets')[75], '/')[1]]" },
            { "ipAddress": "[split(variables('subnets')[76], '/')[0]]", "subnetMask": "[split(variables('subnets')[76], '/')[1]]" },
            { "ipAddress": "[split(variables('subnets')[77], '/')[0]]", "subnetMask": "[split(variables('subnets')[77], '/')[1]]" },
            { "ipAddress": "[split(variables('subnets')[78], '/')[0]]", "subnetMask": "[split(variables('subnets')[78], '/')[1]]" },
            { "ipAddress": "[split(variables('subnets')[79], '/')[0]]", "subnetMask": "[split(variables('subnets')[79], '/')[1]]" },
            { "ipAddress": "[split(variables('subnets')[80], '/')[0]]", "subnetMask": "[split(variables('subnets')[80], '/')[1]]" },
            { "ipAddress": "[split(variables('subnets')[81], '/')[0]]", "subnetMask": "[split(variables('subnets')[81], '/')[1]]" },
            { "ipAddress": "[split(variables('subnets')[82], '/')[0]]", "subnetMask": "[split(variables('subnets')[82], '/')[1]]" },
            { "ipAddress": "[split(variables('subnets')[83], '/')[0]]", "subnetMask": "[split(variables('subnets')[83], '/')[1]]" },
            { "ipAddress": "[split(variables('subnets')[84], '/')[0]]", "subnetMask": "[split(variables('subnets')[84], '/')[1]]" },
            { "ipAddress": "[split(variables('subnets')[85], '/')[0]]", "subnetMask": "[split(variables('subnets')[85], '/')[1]]" },
            { "ipAddress": "[split(variables('subnets')[86], '/')[0]]", "subnetMask": "[split(variables('subnets')[86], '/')[1]]" },
            { "ipAddress": "[split(variables('subnets')[87], '/')[0]]", "subnetMask": "[split(variables('subnets')[87], '/')[1]]" },
            { "ipAddress": "[split(variables('subnets')[88], '/')[0]]", "subnetMask": "[split(variables('subnets')[88], '/')[1]]" },
            { "ipAddress": "[split(variables('subnets')[89], '/')[0]]", "subnetMask": "[split(variables('subnets')[89], '/')[1]]" },
            { "ipAddress": "[split(variables('subnets')[90], '/')[0]]", "subnetMask": "[split(variables('subnets')[90], '/')[1]]" },
            { "ipAddress": "[split(variables('subnets')[91], '/')[0]]", "subnetMask": "[split(variables('subnets')[91], '/')[1]]" },
            { "ipAddress": "[split(variables('subnets')[92], '/')[0]]", "subnetMask": "[split(variables('subnets')[92], '/')[1]]" },
            { "ipAddress": "[split(variables('subnets')[93], '/')[0]]", "subnetMask": "[split(variables('subnets')[93], '/')[1]]" },
            { "ipAddress": "[split(variables('subnets')[94], '/')[0]]", "subnetMask": "[split(variables('subnets')[94], '/')[1]]" },
            { "ipAddress": "[split(variables('subnets')[95], '/')[0]]", "subnetMask": "[split(variables('subnets')[95], '/')[1]]" },
            { "ipAddress": "[split(variables('subnets')[96], '/')[0]]", "subnetMask": "[split(variables('subnets')[96], '/')[1]]" },
            { "ipAddress": "[split(variables('subnets')[97], '/')[0]]", "subnetMask": "[split(variables('subnets')[97], '/')[1]]" },
            { "ipAddress": "[split(variables('subnets')[98], '/')[0]]", "subnetMask": "[split(variables('subnets')[98], '/')[1]]" },
            { "ipAddress": "[split(variables('subnets')[99], '/')[0]]", "subnetMask": "[split(variables('subnets')[99], '/')[1]]" }
        ]
    }
}