{
    "$schema": "https://schema.management.azure.com/schemas/2015-01-01/deploymentTemplate.json#",
    "contentVersion": "2.0.0",
    "parameters": {
        "name": {
            "type": "string",
            "metadata": {
                "description": "name of the resource"
            }
        },
        "location": {
            "type": "string",
            "defaultValue": "[resourceGroup().location]",
            "metadata": {
                "description": "location of the resource"
            }
        },
        "appServicePlan": {
            "type": "string",
            "metadata": {
                "description": "app service plan to create the web app on"
            }
        },
        "ipSubnetsAllowed": {
            "type": "array",
            "defaultValue": [],
            "metadata": {
                "description": "IP addresses that are allowed access"
            }
        },
        "unauthenticatedClientAction": {
            "type": "string",
            "allowedValues": [
                "AllowAnonymous",
                "RedirectToLoginPage"
            ],
            "defaultValue": "AllowAnonymous",
            "metadata": {
                "description": "how to handle unauthenticated requests"
            }
        },
        "kind": {
            "type": "string",
            "allowedValues": [
                "app",
                "functionapp"
            ],
            "defaultValue": "app",
            "metadata": {
                "description": "which kind of app to generate, web or function"
            }
        },
        "alwaysOn": {
            "type": "bool",
            "defaultValue": true,
            "metadata": {
                "description": ""
            }
        },
        "defaultProvider": {
            "type": "string",
            "allowedValues": [
                "AzureActiveDirectory",
                "Facebook",
                "Google",
                "MicrosoftAccount",
                "Twitter"
            ],
            "defaultValue": "AzureActiveDirectory",
            "metadata": {
                "description": "default authentication provider when multiple providers are configured"
            }
        },
        "authActiveDirectoryTenantId": {
            "type": "string",
            "defaultValue": "[subscription().tenantId]",
            "metadata": {
                "description": "AD tenant used for authentication"
            }
        },
        "authActiveDirectoryClientId": {
            "type": "string",
            "defaultValue": "",
            "metadata": {
                "description": "AD application used for authentication"
            }
        },
        "multiTenantApp": {
            "type": "bool",
            "defaultValue": false,
            "metadata": {
                "description": "The web app is a multi-tenant application (true or false). Defaults to false."
            }
        },
        "defaultDnsSuffix": {
            "type": "string",
            "defaultValue": "azurewebsites.net",
            "metadata": {
                "description": "the default DNS suffix for the hostname (different when using an ASE)"
            }
        },
        "additionalHostNames": {
            "type": "array",
            "defaultValue": [],
            "metadata": {
                "description": "An array of additional host names to register with this web app"
            }
        },
        "additionalLoginParams": {
            "type": "array",
            "defaultValue": [],
            "metadata": {
                "description": "An array of additional query string parameters passed during AD authentication e.g. domain_hint=mydomain.com"
            }
        },
        "netFrameworkVersion": {
            "type": "string",
            "defaultValue": "",
            "metadata": {
                "description": ".NET framework version (v4.0, v2.0)"
            }
        },
        "nodeVersion": {
            "type": "string",
            "defaultValue": "",
            "metadata": {
                "description": "node version"
            }
        },
        "javaVersion": {
            "type": "string",
            "defaultValue": "",
            "metadata": {
                "description": "java version (example: 1.8)"
            }
        },
        "javaContainer": {
            "type": "string",
            "defaultValue": "",
            "metadata": {
                "description": "java container (example: TOMCAT)"
            }
        },
        "javaContainerVersion": {
            "type": "string",
            "defaultValue": "",
            "metadata": {
                "description": "java container version (example: 8.5)"
            }
        },
        "pythonVersion": {
            "type": "string",
            "defaultValue": "",
            "metadata": {
                "description": "python version"
            }
        },
        "phpVersion": {
            "type": "string",
            "defaultValue": "",
            "metadata": {
                "description": "php version"
            }
        },
        "virtualApplications": {
            "type": "array",
            "defaultValue": []
        }
    },
    "variables": {
        "apiVersion": "2016-03-01",
        "authActiveDirectoryClientIdHasValue": "[length(take(parameters('authActiveDirectoryClientId'), 1))]",
        "convertToBool": [
            false,
            true
        ],
        "authEnabled": "[variables('convertToBool')[variables('authActiveDirectoryClientIdHasValue')]]",
        "issuer": "[if(parameters('multiTenantApp'), '', concat('https://sts.windows.net/', parameters('authActiveDirectoryTenantId')))]",
        "defaultHostname": [
            "[concat(parameters('name'), '.', parameters('defaultDnsSuffix'))]"
        ],
        "convertToHostnames": [
            null,
            "[concat(variables('defaultHostname'), parameters('additionalHostnames'))]"
        ],
        "convertToVirtualApplications": [
            null,
            "[parameters('virtualApplications')]"
        ]
    },
    "resources": [
        {
            "apiVersion": "[variables('apiVersion')]",
            "type": "Microsoft.Web/sites",
            "name": "[parameters('name')]",
            "kind": "[parameters('kind')]",
            "location": "[parameters('location')]",
            "dependsOn": [],
            "tags": {
                "template": "[concat(split(split(deployment().properties.templateLink.uri,'/')[5],'.')[0],'@',split(deployment().properties.templateLink.uri,'/')[4])]"
            },
            "properties": {
                "name": "[parameters('name')]",
                "serverFarmId": "[parameters('appServicePlan')]",
                "hostnames": "[variables('convertToHostnames')[length(take(parameters('additionalHostnames'), 1))]]"
            },
            "resources": [
                {
                    "apiVersion": "[variables('apiVersion')]",
                    "type": "config",
                    "name": "authsettings",
                    "dependsOn": [
                        "[resourceId('Microsoft.Web/sites', parameters('name'))]"
                    ],
                    "properties": {
                        "enabled": "[variables('authEnabled')]",
                        "unauthenticatedClientAction": "[parameters('unauthenticatedClientAction')]",
                        "defaultProvider": "[parameters('defaultProvider')]",
                        "tokenStoreEnabled": true,
                        "issuer": "[variables('issuer')]",
                        "clientId": "[parameters('authActiveDirectoryClientId')]",
                        "openIdIssuer": "[variables('issuer')]",
                        "aadClientId": "[parameters('authActiveDirectoryClientId')]",
                        "additionalLoginParams": "[parameters('additionalLoginParams')]"
                    }
                },
                {
                    "apiVersion": "[variables('apiVersion')]",
                    "type": "config",
                    "name": "web",
                    "dependsOn": [
                        "[resourceId('Microsoft.Web/sites', parameters('name'))]"
                    ],
                    "properties": {
                        "netFrameworkVersion": "[parameters('netFrameworkVersion')]",
                        "nodeVersion": "[parameters('nodeVersion')]",
                        "javaVersion": "[parameters('javaVersion')]",
                        "javaContainer": "[parameters('javaContainer')]",
                        "javaContainerVersion": "[parameters('javaContainerVersion')]",
                        "pythonVersion": "[parameters('pythonVersion')]",
                        "phpVersion": "[parameters('phpVersion')]",
                        "alwaysOn": "[parameters('alwaysOn')]",
                        "webSocketsEnabled": true,
                        "httpLoggingEnabled": true,
                        "logsDirectorySizeLimit": 64,
                        "ipSecurityRestrictions": "[parameters('ipSubnetsAllowed')]",
                        "virtualApplications": "[variables('convertToVirtualApplications')[length(take(parameters('virtualApplications'), 1))]]"
                    }
                }
            ]
        }
    ]
}