{
    "$schema": "https://schema.management.azure.com/schemas/2015-01-01/deploymentTemplate.json#",
    "contentVersion": "2.0.0",
    "parameters": {
        "name": {
            "type": "string",
            "metadata": {
                "description": "name of the resource"
            }
        },
        "location": {
            "type": "string",
            "defaultValue": "[resourceGroup().location]",
            "metadata": {
                "description": "location of the resource"
            }
        },
        "appServicePlan": {
            "type": "string",
            "metadata": {
                "description": "app service plan to create the web app on"
            }
        },
        "allowPublicAccess": {
            "type": "bool",
            "defaultValue": false,
            "metadata": {
                "description": "whether to make the web app publicly accessible"
            }
        },
        "unauthenticatedClientAction": {
            "type": "string",
            "allowedValues": [
                "AllowAnonymous",
                "RedirectToLoginPage"
            ],
            "defaultValue": "AllowAnonymous",
            "metadata": {
                "description": "how to handle unauthenticated requests"
            }
        },
        "kind": {
            "type": "string",
            "allowedValues": [
                "app",
                "functionapp"
            ],
            "defaultValue": "app",
            "metadata": {
                "description": "which kind of app to generate, web or function"
            }
        },
        "alwaysOn": {
            "type": "bool",
            "defaultValue": true,
            "metadata": {
                "description": "enable Always On to keep the app loaded all the time"
            }
        },
        "defaultProvider": {
            "type": "string",
            "allowedValues": [
                "AzureActiveDirectory",
                "Facebook",
                "Google",
                "MicrosoftAccount",
                "Twitter"
            ],
            "defaultValue": "AzureActiveDirectory",
            "metadata": {
                "description": "default authentication provider when multiple providers are configured"
            }
        },
        "authActiveDirectoryTenantId": {
            "type": "string",
            "defaultValue": "[subscription().tenantId]",
            "metadata": {
                "description": "AD tenant used for authentication"
            }
        },
        "authActiveDirectoryClientId": {
            "type": "string",
            "defaultValue": "",
            "metadata": {
                "description": "AD application used for authentication"
            }
        },
        "multiTenantApp": {
            "type": "bool",
            "defaultValue": false,
            "metadata": {
                "description": "The web app is a multi-tenant application (true or false). Defaults to false."
            }
        },
        "defaultDnsSuffix": {
            "type": "string",
            "defaultValue": "azurewebsites.net",
            "metadata": {
                "description": "the default DNS suffix for the hostname (different when using an ASE)"
            }
        },
        "additionalHostNames": {
            "type": "array",
            "defaultValue": [],
            "metadata": {
                "description": "An array of additional host names to register for the web app"
            }
        },
        "additionalLoginParams": {
            "type": "array",
            "defaultValue": [],
            "metadata": {
                "description": "An array of additional query string parameters passed during AD authentication e.g. domain_hint=mydomain.com"
            }
        },
        "netFrameworkVersion": {
            "type": "string",
            "defaultValue": "",
            "metadata": {
                "description": ".NET framework version (v4.0, v2.0)"
            }
        },
        "nodeVersion": {
            "type": "string",
            "defaultValue": "",
            "metadata": {
                "description": "node version"
            }
        },
        "javaVersion": {
            "type": "string",
            "defaultValue": "",
            "metadata": {
                "description": "java version (example: 1.8)"
            }
        },
        "javaContainer": {
            "type": "string",
            "defaultValue": "",
            "metadata": {
                "description": "java container (example: TOMCAT)"
            }
        },
        "javaContainerVersion": {
            "type": "string",
            "defaultValue": "",
            "metadata": {
                "description": "java container version (example: 8.5)"
            }
        },
        "pythonVersion": {
            "type": "string",
            "defaultValue": "",
            "metadata": {
                "description": "python version"
            }
        },
        "phpVersion": {
            "type": "string",
            "defaultValue": "",
            "metadata": {
                "description": "php version"
            }
        },
        "virtualApplications": {
            "type": "array",
            "defaultValue": [
                {
                    "virtualPath": "/",
                    "physicalPath": "site\\wwwroot"
                }
            ]
        }
    },
    "variables": {
        "apiVersion": "2016-06-01",
        "SharedTemplateSAS": "[concat('?',split(deployment().properties.templateLink.uri,'?')[1])]",
        "convertToIpAddrsAllowed": {
            "true": {
                "value": ""
            },
            "false": {
                "reference": {
                    "keyVault": {
                        "id": "[resourceGroup().tags.ProvisioningKeyVault]"
                    },
                    "secretName": "WebsiteIpRanges"
                }
            }
        }
    },
    "resources": [
        {
            "apiVersion": "[variables('apiVersion')]",
            "type": "Microsoft.Resources/deployments",
            "name": "[take(concat(deployment().name, '-ip-restriction'), 64)]",
            "dependsOn": [],
            "properties": {
                "templateLink": {
                    "uri": "[concat(uri(deployment().properties.templateLink.uri, 'web-app-ip-restriction.json'),variables('SharedTemplateSAS'))]"
                },
                "parameters": {
                    "subnets": "[variables('convertToIpAddrsAllowed')[string(parameters('allowPublicAccess'))]]"
                },
                "mode": "incremental"
            }
        },
        {
            "apiVersion": "[variables('apiVersion')]",
            "type": "Microsoft.Resources/deployments",
            "name": "[take(concat(deployment().name, '-internal'), 64)]",
            "dependsOn": [
                "[take(concat(deployment().name, '-ip-restriction'), 64)]"
            ],
            "properties": {
                "templateLink": {
                    "uri": "[concat(uri(deployment().properties.templateLink.uri, 'web-app-internal.json'),variables('SharedTemplateSAS'))]"
                },
                "parameters": {
                    "name": {
                        "value": "[parameters('name')]"
                    },
                    "location": {
                        "value": "[parameters('location')]"
                    },
                    "appServicePlan": {
                        "value": "[parameters('appServicePlan')]"
                    },
                    "ipSubnetsAllowed": {
                        "value": "[reference(take(concat(deployment().name, '-ip-restriction'), 64)).outputs.subnets.value]"
                    },
                    "unauthenticatedClientAction": {
                        "value": "[parameters('unauthenticatedClientAction')]"
                    },
                    "kind": {
                        "value": "[parameters('kind')]"
                    },
                    "alwaysOn": {
                        "value": "[parameters('alwaysOn')]"
                    },
                    "defaultProvider": {
                        "value": "[parameters('defaultProvider')]"
                    },
                    "authActiveDirectoryTenantId": {
                        "value": "[parameters('authActiveDirectoryTenantId')]"
                    },
                    "authActiveDirectoryClientId": {
                        "value": "[parameters('authActiveDirectoryClientId')]"
                    },
                    "multiTenantApp": {
                        "value": "[parameters('multiTenantApp')]"
                    },
                    "defaultDnsSuffix": {
                        "value": "[parameters('defaultDnsSuffix')]"
                    },
                    "additionalHostNames": {
                        "value": "[parameters('additionalHostNames')]"
                    },
                    "additionalLoginParams": {
                        "value": "[parameters('additionalLoginParams')]"
                    },
                    "netFrameworkVersion": {
                        "value": "[parameters('netFrameworkVersion')]"
                    },
                    "nodeVersion": {
                        "value": "[parameters('nodeVersion')]"
                    },
                    "javaVersion": {
                        "value": "[parameters('javaVersion')]"
                    },
                    "javaContainer": {
                        "value": "[parameters('javaContainer')]"
                    },
                    "javaContainerVersion": {
                        "value": "[parameters('javaContainerVersion')]"
                    },
                    "pythonVersion": {
                        "value": "[parameters('pythonVersion')]"
                    },
                    "phpVersion": {
                        "value": "[parameters('phpVersion')]"
                    },
                    "virtualApplications": {
                        "value": "[parameters('virtualApplications')]"
                    }
                },
                "mode": "incremental"
            }
        }
    ]
}