{
    "$schema": "https://schema.management.azure.com/schemas/2015-01-01/deploymentTemplate.json#",
    "contentVersion": "1.0.0.0",
    "parameters": {
        "vm": {
            "type": "array"
        },
        "SASToken": {
            "type": "string"
        },
        "templateLocation": {
            "type": "string",
            "defaultValue": "https://agarmdeploymentprod.blob.core.windows.net/templates/v2/"
        }
    },
    "variables": {
        "apiVersion": "2016-09-01",
        "namePrefix": "[resourceGroup().tags.NamingPrefix]"
    },
    "resources": [
        {
            "type": "Microsoft.Resources/deployments",
            "name": "[concat(deployment().name, '_', variables('namePrefix'), parameters('vm')[copyIndex()].role, padLeft(parameters('vm')[copyIndex()].sequence, 2, '0'))]",
            "apiVersion": "[variables('apiVersion')]",
            "dependsOn": [],
            "copy": {
                "name": "virtualMachines",
                "count": "[length(parameters('vm'))]"
            },
            "properties": {
                "templateLink": { "uri": "[concat(parameters('templateLocation'), 'virtual-machine.json', parameters('SASToken'))]" },
              "parameters": {
                "description": { "value": "[parameters('vm')[copyIndex()].description]" },
                "name": { "value": "[concat(variables('namePrefix'), parameters('vm')[copyIndex()].role, padLeft(parameters('vm')[copyIndex()].sequence, 2, '0'))]" },
                "size": { "value": "[parameters('vm')[copyIndex()].size]" },
                "operatingSystem": { "value": "[parameters('vm')[copyIndex()].operatingSystem]" },
                "image": { "value": "[parameters('vm')[copyIndex()].image]" },
                "datadisks": { "value": "[parameters('vm')[copyIndex()].datadisks]" },
                "osDiskType": { "value": "[parameters('vm')[copyIndex()].osDiskType]" }
              },
                "mode": "incremental"
            }
        },
        {
            "type": "Microsoft.Compute/virtualMachines/extensions",
            "name": "[concat(deployment().name, '_', variables('namePrefix'), parameters('vm')[copyIndex()].role, padLeft(parameters('vm')[copyIndex()].sequence, 2, '0'), '/', 'iisDSC')]",
            "apiVersion": "[variables('apiVersion')]",
            "location": "[resourceGroup().location]",
            "copy": {
                "name": "webSrvMachineLoop",
                "count": "[length(parameters('vm'))]"
            },
            "dependsOn": [
                "[concat(deployment().name, '_', variables('namePrefix'), parameters('vm')[copyIndex()].role, padLeft(parameters('vm')[copyIndex()].sequence, 2, '0'))]"
            ],
            "properties": {
                "publisher": "Microsoft.Powershell",
                "type": "DSC",
                "typeHandlerVersion": "2.19",
                "autoUpgradeMinorVersion": true,
                "settings": {
                    "ModulesUrl": "[concat(parameters('templateLocation'), 'IISConfig.ps1.zip')]",
                    "SasToken": "[parameters('SASToken')]",
                    "ConfigurationFunction": "IISConfig.ps1\\IISConfig",
                    "wmfVersion": "4.0",
                    "Properties": {
                    }
                },
                "protectedSettings": { }
            }
        }
    ]
}